ts_ns,event,side,price,qty
1714000000000000000,clear,,,
1714000000000000000,level,B,99.99,210
1714000000000000000,level,S,100.01,100
1714000000000000000,level,B,99.98,260
1714000000000000000,level,S,100.02,40
1714000000000000000,level,B,99.97,50
1714000000000000000,level,S,100.03,350
1714000000000000000,level,B,99.96,70
1714000000000000000,level,S,100.04,240
1714000000000000000,level,B,99.95,380
1714000000000000000,level,S,100.05,40
1714000000050000000,trade,B,100.02,20
1714000000100000000,clear,,,
1714000000100000000,level,B,100.00,40
1714000000100000000,level,S,100.02,370
1714000000100000000,level,B,99.99,80
1714000000100000000,level,S,100.03,150
1714000000100000000,level,B,99.98,380
1714000000100000000,level,S,100.04,40
1714000000100000000,level,B,99.97,370
1714000000100000000,level,S,100.05,380
1714000000100000000,level,B,99.96,260
1714000000100000000,level,S,100.06,40
1714000000150000000,trade,B,100.02,70
1714000000200000000,clear,,,
1714000000200000000,level,B,99.99,370
1714000000200000000,level,S,100.01,200
1714000000200000000,level,B,99.98,360
1714000000200000000,level,S,100.02,120
1714000000200000000,level,B,99.97,70
1714000000200000000,level,S,100.03,380
1714000000200000000,level,B,99.96,370
1714000000200000000,level,S,100.04,130
1714000000200000000,level,B,99.95,240
1714000000200000000,level,S,100.05,70
1714000000250000000,trade,B,100.01,80
1714000000300000000,trade,S,99.99,80
1714000000350000000,trade,B,100.01,40
1714000000400000000,clear,,,
1714000000400000000,level,B,100.00,340
1714000000400000000,level,S,100.02,320
1714000000400000000,level,B,99.99,220
1714000000400000000,level,S,100.03,290
1714000000400000000,level,B,99.98,190
1714000000400000000,level,S,100.04,390
1714000000400000000,level,B,99.97,50
1714000000400000000,level,S,100.05,80
1714000000400000000,level,B,99.96,330
1714000000400000000,level,S,100.06,270
1714000000450000000,clear,,,
1714000000450000000,level,B,100.01,100
1714000000450000000,level,S,100.03,320
1714000000450000000,level,B,100.00,270
1714000000450000000,level,S,100.04,30
1714000000450000000,level,B,99.99,50
1714000000450000000,level,S,100.05,360
1714000000450000000,level,B,99.98,370
1714000000450000000,level,S,100.06,210
1714000000450000000,level,B,99.97,220
1714000000450000000,level,S,100.07,230
1714000000500000000,trade,S,100.00,50
1714000000550000000,trade,B,100.04,100
1714000000600000000,trade,S,100.01,60
1714000000650000000,clear,,,
1714000000650000000,level,B,100.02,230
1714000000650000000,level,S,100.04,110
1714000000650000000,level,B,100.01,400
1714000000650000000,level,S,100.05,80
1714000000650000000,level,B,100.00,320
1714000000650000000,level,S,100.06,40
1714000000650000000,level,B,99.99,140
1714000000650000000,level,S,100.07,190
1714000000650000000,level,B,99.98,90
1714000000650000000,level,S,100.08,160
1714000000700000000,trade,S,100.01,90
1714000000750000000,clear,,,
1714000000750000000,level,B,100.01,280
1714000000750000000,level,S,100.03,360
1714000000750000000,level,B,100.00,180
1714000000750000000,level,S,100.04,270
1714000000750000000,level,B,99.99,230
1714000000750000000,level,S,100.05,250
1714000000750000000,level,B,99.98,150
1714000000750000000,level,S,100.06,100
1714000000750000000,level,B,99.97,60
1714000000750000000,level,S,100.07,120
1714000000800000000,clear,,,
1714000000800000000,level,B,100.00,10
1714000000800000000,level,S,100.02,320
1714000000800000000,level,B,99.99,380
1714000000800000000,level,S,100.03,120
1714000000800000000,level,B,99.98,170
1714000000800000000,level,S,100.04,190
1714000000800000000,level,B,99.97,10
1714000000800000000,level,S,100.05,100
1714000000800000000,level,B,99.96,270
1714000000800000000,level,S,100.06,350
1714000000850000000,trade,S,100.00,90
1714000000900000000,trade,B,100.02,90
1714000000950000000,trade,S,100.00,70
1714000001000000000,clear,,,
1714000001000000000,level,B,99.99,140
1714000001000000000,level,S,100.01,290
1714000001000000000,level,B,99.98,110
1714000001000000000,level,S,100.02,80
1714000001000000000,level,B,99.97,220
1714000001000000000,level,S,100.03,390
1714000001000000000,level,B,99.96,40
1714000001000000000,level,S,100.04,70
1714000001000000000,level,B,99.95,10
1714000001000000000,level,S,100.05,370
1714000001050000000,clear,,,
1714000001050000000,level,B,99.98,240
1714000001050000000,level,S,100.00,400
1714000001050000000,level,B,99.97,20
1714000001050000000,level,S,100.01,50
1714000001050000000,level,B,99.96,140
1714000001050000000,level,S,100.02,400
1714000001050000000,level,B,99.95,250
1714000001050000000,level,S,100.03,100
1714000001050000000,level,B,99.94,170
1714000001050000000,level,S,100.04,230
1714000001100000000,trade,S,99.97,80
1714000001150000000,trade,S,99.97,60
1714000001200000000,trade,S,99.98,10
1714000001250000000,clear,,,
1714000001250000000,level,B,99.99,100
1714000001250000000,level,S,100.01,350
1714000001250000000,level,B,99.98,20
1714000001250000000,level,S,100.02,340
1714000001250000000,level,B,99.97,200
1714000001250000000,level,S,100.03,60
1714000001250000000,level,B,99.96,170
1714000001250000000,level,S,100.04,340
1714000001250000000,level,B,99.95,240
1714000001250000000,level,S,100.05,110
1714000001300000000,trade,B,100.01,60
1714000001350000000,trade,B,100.01,40
1714000001400000000,clear,,,
1714000001400000000,level,B,100.00,230
1714000001400000000,level,S,100.02,20
1714000001400000000,level,B,99.99,20
1714000001400000000,level,S,100.03,180
1714000001400000000,level,B,99.98,310
1714000001400000000,level,S,100.04,170
1714000001400000000,level,B,99.97,130
1714000001400000000,level,S,100.05,390
1714000001400000000,level,B,99.96,230
1714000001400000000,level,S,100.06,290
1714000001450000000,trade,S,100.00,40
1714000001500000000,clear,,,
1714000001500000000,level,B,100.01,130
1714000001500000000,level,S,100.03,220
1714000001500000000,level,B,100.00,140
1714000001500000000,level,S,100.04,310
1714000001500000000,level,B,99.99,400
1714000001500000000,level,S,100.05,400
1714000001500000000,level,B,99.98,10
1714000001500000000,level,S,100.06,310
1714000001500000000,level,B,99.97,230
1714000001500000000,level,S,100.07,60
1714000001550000000,trade,B,100.03,40
1714000001600000000,trade,B,100.03,20
1714000001650000000,trade,S,100.01,20
1714000001700000000,trade,B,100.04,100
1714000001750000000,trade,B,100.03,80
1714000001800000000,trade,S,100.00,10
1714000001850000000,clear,,,
1714000001850000000,level,B,100.00,340
1714000001850000000,level,S,100.02,90
1714000001850000000,level,B,99.99,280
1714000001850000000,level,S,100.03,130
1714000001850000000,level,B,99.98,140
1714000001850000000,level,S,100.04,20
1714000001850000000,level,B,99.97,170
1714000001850000000,level,S,100.05,140
1714000001850000000,level,B,99.96,190
1714000001850000000,level,S,100.06,330
1714000001900000000,clear,,,
1714000001900000000,level,B,100.01,170
1714000001900000000,level,S,100.03,350
1714000001900000000,level,B,100.00,270
1714000001900000000,level,S,100.04,90
1714000001900000000,level,B,99.99,40
1714000001900000000,level,S,100.05,230
1714000001900000000,level,B,99.98,300
1714000001900000000,level,S,100.06,380
1714000001900000000,level,B,99.97,340
1714000001900000000,level,S,100.07,270
1714000001950000000,trade,B,100.03,10
1714000002000000000,trade,B,100.03,30
1714000002050000000,clear,,,
1714000002050000000,level,B,100.02,400
1714000002050000000,level,S,100.04,80
1714000002050000000,level,B,100.01,360
1714000002050000000,level,S,100.05,40
1714000002050000000,level,B,100.00,210
1714000002050000000,level,S,100.06,340
1714000002050000000,level,B,99.99,340
1714000002050000000,level,S,100.07,360
1714000002050000000,level,B,99.98,310
1714000002050000000,level,S,100.08,70
1714000002100000000,trade,B,100.05,20
1714000002150000000,trade,B,100.04,80
1714000002200000000,trade,B,100.04,90
1714000002250000000,trade,B,100.04,50
1714000002300000000,trade,B,100.04,20
1714000002350000000,trade,S,100.01,20
1714000002400000000,clear,,,
1714000002400000000,level,B,100.03,80
1714000002400000000,level,S,100.05,100
1714000002400000000,level,B,100.02,240
1714000002400000000,level,S,100.06,100
1714000002400000000,level,B,100.01,170
1714000002400000000,level,S,100.07,90
1714000002400000000,level,B,100.00,300
1714000002400000000,level,S,100.08,150
1714000002400000000,level,B,99.99,70
1714000002400000000,level,S,100.09,260
1714000002450000000,trade,B,100.05,30
1714000002500000000,trade,S,100.03,60
1714000002550000000,clear,,,
1714000002550000000,level,B,100.04,20
1714000002550000000,level,S,100.06,220
1714000002550000000,level,B,100.03,360
1714000002550000000,level,S,100.07,300
1714000002550000000,level,B,100.02,290
1714000002550000000,level,S,100.08,20
1714000002550000000,level,B,100.01,250
1714000002550000000,level,S,100.09,220
1714000002550000000,level,B,100.00,340
1714000002550000000,level,S,100.10,400
1714000002600000000,clear,,,
1714000002600000000,level,B,100.03,80
1714000002600000000,level,S,100.05,150
1714000002600000000,level,B,100.02,70
1714000002600000000,level,S,100.06,60
1714000002600000000,level,B,100.01,170
1714000002600000000,level,S,100.07,180
1714000002600000000,level,B,100.00,30
1714000002600000000,level,S,100.08,120
1714000002600000000,level,B,99.99,180
1714000002600000000,level,S,100.09,90
1714000002650000000,trade,S,100.03,90
1714000002700000000,trade,S,100.01,30
1714000002750000000,trade,B,100.06,20
1714000002800000000,trade,B,100.05,50
1714000002850000000,trade,S,100.02,70
1714000002900000000,trade,S,100.02,40
1714000002950000000,trade,B,100.05,50
1714000003000000000,trade,B,100.05,30
1714000003050000000,clear,,,
1714000003050000000,level,B,100.02,170
1714000003050000000,level,S,100.04,30
1714000003050000000,level,B,100.01,10
1714000003050000000,level,S,100.05,20
1714000003050000000,level,B,100.00,330
1714000003050000000,level,S,100.06,360
1714000003050000000,level,B,99.99,130
1714000003050000000,level,S,100.07,330
1714000003050000000,level,B,99.98,310
1714000003050000000,level,S,100.08,160
1714000003100000000,trade,B,100.04,80
1714000003150000000,trade,S,100.02,40
1714000003200000000,trade,S,100.01,30
1714000003250000000,trade,S,100.02,10
1714000003300000000,clear,,,
1714000003300000000,level,B,100.03,280
1714000003300000000,level,S,100.05,110
1714000003300000000,level,B,100.02,40
1714000003300000000,level,S,100.06,60
1714000003300000000,level,B,100.01,250
1714000003300000000,level,S,100.07,330
1714000003300000000,level,B,100.00,190
1714000003300000000,level,S,100.08,390
1714000003300000000,level,B,99.99,160
1714000003300000000,level,S,100.09,190
1714000003350000000,clear,,,
1714000003350000000,level,B,100.02,110
1714000003350000000,level,S,100.04,180
1714000003350000000,level,B,100.01,290
1714000003350000000,level,S,100.05,10
1714000003350000000,level,B,100.00,170
1714000003350000000,level,S,100.06,240
1714000003350000000,level,B,99.99,220
1714000003350000000,level,S,100.07,360
1714000003350000000,level,B,99.98,210
1714000003350000000,level,S,100.08,160
1714000003400000000,clear,,,
1714000003400000000,level,B,100.03,140
1714000003400000000,level,S,100.05,230
1714000003400000000,level,B,100.02,120
1714000003400000000,level,S,100.06,10
1714000003400000000,level,B,100.01,220
1714000003400000000,level,S,100.07,250
1714000003400000000,level,B,100.00,60
1714000003400000000,level,S,100.08,310
1714000003400000000,level,B,99.99,180
1714000003400000000,level,S,100.09,330
1714000003450000000,trade,B,100.06,50
1714000003500000000,trade,B,100.06,10
1714000003550000000,clear,,,
1714000003550000000,level,B,100.02,60
1714000003550000000,level,S,100.04,380
1714000003550000000,level,B,100.01,340
1714000003550000000,level,S,100.05,100
1714000003550000000,level,B,100.00,390
1714000003550000000,level,S,100.06,250
1714000003550000000,level,B,99.99,210
1714000003550000000,level,S,100.07,320
1714000003550000000,level,B,99.98,100
1714000003550000000,level,S,100.08,190
1714000003600000000,trade,B,100.05,90
1714000003650000000,trade,B,100.04,100
1714000003700000000,trade,B,100.04,40
1714000003750000000,clear,,,
1714000003750000000,level,B,100.01,90
1714000003750000000,level,S,100.03,240
1714000003750000000,level,B,100.00,70
1714000003750000000,level,S,100.04,250
1714000003750000000,level,B,99.99,290
1714000003750000000,level,S,100.05,360
1714000003750000000,level,B,99.98,40
1714000003750000000,level,S,100.06,20
1714000003750000000,level,B,99.97,350
1714000003750000000,level,S,100.07,160
1714000003800000000,trade,B,100.04,90
1714000003850000000,trade,B,100.04,80
1714000003900000000,clear,,,
1714000003900000000,level,B,100.00,170
1714000003900000000,level,S,100.02,160
1714000003900000000,level,B,99.99,140
1714000003900000000,level,S,100.03,150
1714000003900000000,level,B,99.98,300
1714000003900000000,level,S,100.04,320
1714000003900000000,level,B,99.97,250
1714000003900000000,level,S,100.05,50
1714000003900000000,level,B,99.96,310
1714000003900000000,level,S,100.06,190
1714000003950000000,trade,B,100.03,50
1714000004000000000,trade,S,100.00,80
1714000004050000000,clear,,,
1714000004050000000,level,B,100.01,70
1714000004050000000,level,S,100.03,140
1714000004050000000,level,B,100.00,320
1714000004050000000,level,S,100.04,190
1714000004050000000,level,B,99.99,340
1714000004050000000,level,S,100.05,190
1714000004050000000,level,B,99.98,300
1714000004050000000,level,S,100.06,300
1714000004050000000,level,B,99.97,300
1714000004050000000,level,S,100.07,80
1714000004100000000,trade,B,100.03,80
1714000004150000000,clear,,,
1714000004150000000,level,B,100.02,50
1714000004150000000,level,S,100.04,330
1714000004150000000,level,B,100.01,290
1714000004150000000,level,S,100.05,180
1714000004150000000,level,B,100.00,250
1714000004150000000,level,S,100.06,140
1714000004150000000,level,B,99.99,140
1714000004150000000,level,S,100.07,50
1714000004150000000,level,B,99.98,380
1714000004150000000,level,S,100.08,60
1714000004200000000,clear,,,
1714000004200000000,level,B,100.03,240
1714000004200000000,level,S,100.05,90
1714000004200000000,level,B,100.02,390
1714000004200000000,level,S,100.06,330
1714000004200000000,level,B,100.01,180
1714000004200000000,level,S,100.07,80
1714000004200000000,level,B,100.00,240
1714000004200000000,level,S,100.08,150
1714000004200000000,level,B,99.99,320
1714000004200000000,level,S,100.09,320
1714000004250000000,trade,B,100.06,80
1714000004300000000,trade,B,100.05,20
1714000004350000000,trade,B,100.05,70
1714000004400000000,clear,,,
1714000004400000000,level,B,100.02,10
1714000004400000000,level,S,100.04,190
1714000004400000000,level,B,100.01,170
1714000004400000000,level,S,100.05,240
1714000004400000000,level,B,100.00,50
1714000004400000000,level,S,100.06,260
1714000004400000000,level,B,99.99,250
1714000004400000000,level,S,100.07,380
1714000004400000000,level,B,99.98,50
1714000004400000000,level,S,100.08,240
1714000004450000000,trade,S,100.02,10
1714000004500000000,trade,S,100.02,50
1714000004550000000,trade,S,100.01,70
1714000004600000000,trade,S,100.02,90
1714000004650000000,clear,,,
1714000004650000000,level,B,100.01,40
1714000004650000000,level,S,100.03,270
1714000004650000000,level,B,100.00,290
1714000004650000000,level,S,100.04,400
1714000004650000000,level,B,99.99,90
1714000004650000000,level,S,100.05,190
1714000004650000000,level,B,99.98,320
1714000004650000000,level,S,100.06,40
1714000004650000000,level,B,99.97,360
1714000004650000000,level,S,100.07,90
1714000004700000000,clear,,,
1714000004700000000,level,B,100.02,220
1714000004700000000,level,S,100.04,190
1714000004700000000,level,B,100.01,200
1714000004700000000,level,S,100.05,170
1714000004700000000,level,B,100.00,170
1714000004700000000,level,S,100.06,260
1714000004700000000,level,B,99.99,160
1714000004700000000,level,S,100.07,200
1714000004700000000,level,B,99.98,310
1714000004700000000,level,S,100.08,360
1714000004750000000,trade,B,100.05,40
1714000004800000000,trade,S,100.02,60
1714000004850000000,trade,S,100.02,40
1714000004900000000,clear,,,
1714000004900000000,level,B,100.03,360
1714000004900000000,level,S,100.05,60
1714000004900000000,level,B,100.02,210
1714000004900000000,level,S,100.06,160
1714000004900000000,level,B,100.01,240
1714000004900000000,level,S,100.07,170
1714000004900000000,level,B,100.00,370
1714000004900000000,level,S,100.08,130
1714000004900000000,level,B,99.99,20
1714000004900000000,level,S,100.09,270
1714000004950000000,trade,B,100.05,10
1714000005000000000,trade,S,100.02,40
1714000005050000000,clear,,,
1714000005050000000,level,B,100.02,250
1714000005050000000,level,S,100.04,260
1714000005050000000,level,B,100.01,290
1714000005050000000,level,S,100.05,280
1714000005050000000,level,B,100.00,200
1714000005050000000,level,S,100.06,20
1714000005050000000,level,B,99.99,90
1714000005050000000,level,S,100.07,30
1714000005050000000,level,B,99.98,280
1714000005050000000,level,S,100.08,310
1714000005100000000,trade,S,100.01,90
1714000005150000000,trade,S,100.01,30
1714000005200000000,clear,,,
1714000005200000000,level,B,100.01,300
1714000005200000000,level,S,100.03,60
1714000005200000000,level,B,100.00,360
1714000005200000000,level,S,100.04,30
1714000005200000000,level,B,99.99,10
1714000005200000000,level,S,100.05,90
1714000005200000000,level,B,99.98,150
1714000005200000000,level,S,100.06,370
1714000005200000000,level,B,99.97,30
1714000005200000000,level,S,100.07,200
1714000005250000000,trade,S,100.01,20
1714000005300000000,clear,,,
1714000005300000000,level,B,100.02,340
1714000005300000000,level,S,100.04,380
1714000005300000000,level,B,100.01,130
1714000005300000000,level,S,100.05,250
1714000005300000000,level,B,100.00,170
1714000005300000000,level,S,100.06,150
1714000005300000000,level,B,99.99,390
1714000005300000000,level,S,100.07,10
1714000005300000000,level,B,99.98,10
1714000005300000000,level,S,100.08,350
1714000005350000000,trade,S,100.02,40
1714000005400000000,trade,B,100.05,70
1714000005450000000,trade,S,100.01,70
1714000005500000000,clear,,,
1714000005500000000,level,B,100.01,280
1714000005500000000,level,S,100.03,240
1714000005500000000,level,B,100.00,150
1714000005500000000,level,S,100.04,320
1714000005500000000,level,B,99.99,30
1714000005500000000,level,S,100.05,220
1714000005500000000,level,B,99.98,270
1714000005500000000,level,S,100.06,240
1714000005500000000,level,B,99.97,260
1714000005500000000,level,S,100.07,130
1714000005550000000,clear,,,
1714000005550000000,level,B,100.02,330
1714000005550000000,level,S,100.04,50
1714000005550000000,level,B,100.01,140
1714000005550000000,level,S,100.05,320
1714000005550000000,level,B,100.00,130
1714000005550000000,level,S,100.06,200
1714000005550000000,level,B,99.99,130
1714000005550000000,level,S,100.07,150
1714000005550000000,level,B,99.98,300
1714000005550000000,level,S,100.08,150
1714000005600000000,clear,,,
1714000005600000000,level,B,100.03,70
1714000005600000000,level,S,100.05,400
1714000005600000000,level,B,100.02,320
1714000005600000000,level,S,100.06,400
1714000005600000000,level,B,100.01,120
1714000005600000000,level,S,100.07,150
1714000005600000000,level,B,100.00,320
1714000005600000000,level,S,100.08,270
1714000005600000000,level,B,99.99,40
1714000005600000000,level,S,100.09,390
1714000005650000000,clear,,,
1714000005650000000,level,B,100.04,40
1714000005650000000,level,S,100.06,140
1714000005650000000,level,B,100.03,20
1714000005650000000,level,S,100.07,390
1714000005650000000,level,B,100.02,100
1714000005650000000,level,S,100.08,270
1714000005650000000,level,B,100.01,40
1714000005650000000,level,S,100.09,40
1714000005650000000,level,B,100.00,120
1714000005650000000,level,S,100.10,260
1714000005700000000,trade,S,100.04,30
1714000005750000000,trade,B,100.06,80
1714000005800000000,clear,,,
1714000005800000000,level,B,100.05,240
1714000005800000000,level,S,100.07,220
1714000005800000000,level,B,100.04,290
1714000005800000000,level,S,100.08,110
1714000005800000000,level,B,100.03,70
1714000005800000000,level,S,100.09,10
1714000005800000000,level,B,100.02,60
1714000005800000000,level,S,100.10,180
1714000005800000000,level,B,100.01,60
1714000005800000000,level,S,100.11,230
1714000005850000000,trade,B,100.07,70
1714000005900000000,trade,S,100.05,10
1714000005950000000,trade,B,100.07,40
1714000006000000000,trade,S,100.04,70
1714000006050000000,clear,,,
1714000006050000000,level,B,100.04,300
1714000006050000000,level,S,100.06,50
1714000006050000000,level,B,100.03,40
1714000006050000000,level,S,100.07,170
1714000006050000000,level,B,100.02,130
1714000006050000000,level,S,100.08,50
1714000006050000000,level,B,100.01,390
1714000006050000000,level,S,100.09,220
1714000006050000000,level,B,100.00,240
1714000006050000000,level,S,100.10,180
1714000006100000000,trade,B,100.06,60
1714000006150000000,trade,S,100.03,20
1714000006200000000,clear,,,
1714000006200000000,level,B,100.03,70
1714000006200000000,level,S,100.05,310
1714000006200000000,level,B,100.02,300
1714000006200000000,level,S,100.06,250
1714000006200000000,level,B,100.01,170
1714000006200000000,level,S,100.07,280
1714000006200000000,level,B,100.00,320
1714000006200000000,level,S,100.08,90
1714000006200000000,level,B,99.99,320
1714000006200000000,level,S,100.09,120
1714000006250000000,clear,,,
1714000006250000000,level,B,100.04,100
1714000006250000000,level,S,100.06,390
1714000006250000000,level,B,100.03,160
1714000006250000000,level,S,100.07,210
1714000006250000000,level,B,100.02,210
1714000006250000000,level,S,100.08,300
1714000006250000000,level,B,100.01,240
1714000006250000000,level,S,100.09,390
1714000006250000000,level,B,100.00,60
1714000006250000000,level,S,100.10,330
1714000006300000000,clear,,,
1714000006300000000,level,B,100.03,160
1714000006300000000,level,S,100.05,270
1714000006300000000,level,B,100.02,50
1714000006300000000,level,S,100.06,30
1714000006300000000,level,B,100.01,310
1714000006300000000,level,S,100.07,360
1714000006300000000,level,B,100.00,350
1714000006300000000,level,S,100.08,210
1714000006300000000,level,B,99.99,110
1714000006300000000,level,S,100.09,280
1714000006350000000,trade,B,100.05,20
1714000006400000000,trade,S,100.02,80
1714000006450000000,trade,B,100.05,20
1714000006500000000,trade,S,100.03,60
1714000006550000000,clear,,,
1714000006550000000,level,B,100.04,130
1714000006550000000,level,S,100.06,290
1714000006550000000,level,B,100.03,160
1714000006550000000,level,S,100.07,120
1714000006550000000,level,B,100.02,160
1714000006550000000,level,S,100.08,160
1714000006550000000,level,B,100.01,100
1714000006550000000,level,S,100.09,190
1714000006550000000,level,B,100.00,380
1714000006550000000,level,S,100.10,130
1714000006600000000,trade,S,100.04,90
1714000006650000000,clear,,,
1714000006650000000,level,B,100.03,300
1714000006650000000,level,S,100.05,30
1714000006650000000,level,B,100.02,70
1714000006650000000,level,S,100.06,10
1714000006650000000,level,B,100.01,310
1714000006650000000,level,S,100.07,150
1714000006650000000,level,B,100.00,290
1714000006650000000,level,S,100.08,240
1714000006650000000,level,B,99.99,30
1714000006650000000,level,S,100.09,190
1714000006700000000,clear,,,
1714000006700000000,level,B,100.02,130
1714000006700000000,level,S,100.04,390
1714000006700000000,level,B,100.01,380
1714000006700000000,level,S,100.05,130
1714000006700000000,level,B,100.00,50
1714000006700000000,level,S,100.06,240
1714000006700000000,level,B,99.99,330
1714000006700000000,level,S,100.07,120
1714000006700000000,level,B,99.98,290
1714000006700000000,level,S,100.08,390
1714000006750000000,clear,,,
1714000006750000000,level,B,100.01,70
1714000006750000000,level,S,100.03,390
1714000006750000000,level,B,100.00,400
1714000006750000000,level,S,100.04,230
1714000006750000000,level,B,99.99,140
1714000006750000000,level,S,100.05,30
1714000006750000000,level,B,99.98,240
1714000006750000000,level,S,100.06,220
1714000006750000000,level,B,99.97,100
1714000006750000000,level,S,100.07,30
1714000006800000000,clear,,,
1714000006800000000,level,B,100.02,30
1714000006800000000,level,S,100.04,390
1714000006800000000,level,B,100.01,140
1714000006800000000,level,S,100.05,10
1714000006800000000,level,B,100.00,210
1714000006800000000,level,S,100.06,270
1714000006800000000,level,B,99.99,240
1714000006800000000,level,S,100.07,120
1714000006800000000,level,B,99.98,400
1714000006800000000,level,S,100.08,200
1714000006850000000,clear,,,
1714000006850000000,level,B,100.01,320
1714000006850000000,level,S,100.03,360
1714000006850000000,level,B,100.00,310
1714000006850000000,level,S,100.04,50
1714000006850000000,level,B,99.99,270
1714000006850000000,level,S,100.05,70
1714000006850000000,level,B,99.98,260
1714000006850000000,level,S,100.06,360
1714000006850000000,level,B,99.97,100
1714000006850000000,level,S,100.07,350
1714000006900000000,clear,,,
1714000006900000000,level,B,100.00,260
1714000006900000000,level,S,100.02,180
1714000006900000000,level,B,99.99,270
1714000006900000000,level,S,100.03,190
1714000006900000000,level,B,99.98,200
1714000006900000000,level,S,100.04,270
1714000006900000000,level,B,99.97,40
1714000006900000000,level,S,100.05,200
1714000006900000000,level,B,99.96,370
1714000006900000000,level,S,100.06,230
1714000006950000000,trade,B,100.02,60
1714000007000000000,trade,S,100.00,10
1714000007050000000,trade,B,100.02,70
1714000007100000000,trade,S,100.00,10
1714000007150000000,clear,,,
1714000007150000000,level,B,99.99,260
1714000007150000000,level,S,100.01,60
1714000007150000000,level,B,99.98,370
1714000007150000000,level,S,100.02,400
1714000007150000000,level,B,99.97,240
1714000007150000000,level,S,100.03,330
1714000007150000000,level,B,99.96,110
1714000007150000000,level,S,100.04,100
1714000007150000000,level,B,99.95,230
1714000007150000000,level,S,100.05,190
1714000007200000000,clear,,,
1714000007200000000,level,B,99.98,50
1714000007200000000,level,S,100.00,70
1714000007200000000,level,B,99.97,250
1714000007200000000,level,S,100.01,320
1714000007200000000,level,B,99.96,130
1714000007200000000,level,S,100.02,200
1714000007200000000,level,B,99.95,90
1714000007200000000,level,S,100.03,30
1714000007200000000,level,B,99.94,310
1714000007200000000,level,S,100.04,210
1714000007250000000,clear,,,
1714000007250000000,level,B,99.99,60
1714000007250000000,level,S,100.01,400
1714000007250000000,level,B,99.98,110
1714000007250000000,level,S,100.02,150
1714000007250000000,level,B,99.97,400
1714000007250000000,level,S,100.03,260
1714000007250000000,level,B,99.96,400
1714000007250000000,level,S,100.04,130
1714000007250000000,level,B,99.95,310
1714000007250000000,level,S,100.05,120
1714000007300000000,trade,B,100.01,70
1714000007350000000,trade,B,100.02,40
1714000007400000000,clear,,,
1714000007400000000,level,B,99.98,210
1714000007400000000,level,S,100.00,80
1714000007400000000,level,B,99.97,250
1714000007400000000,level,S,100.01,390
1714000007400000000,level,B,99.96,300
1714000007400000000,level,S,100.02,360
1714000007400000000,level,B,99.95,200
1714000007400000000,level,S,100.03,270
1714000007400000000,level,B,99.94,200
1714000007400000000,level,S,100.04,380
1714000007450000000,clear,,,
1714000007450000000,level,B,99.99,240
1714000007450000000,level,S,100.01,290
1714000007450000000,level,B,99.98,330
1714000007450000000,level,S,100.02,290
1714000007450000000,level,B,99.97,120
1714000007450000000,level,S,100.03,20
1714000007450000000,level,B,99.96,10
1714000007450000000,level,S,100.04,400
1714000007450000000,level,B,99.95,320
1714000007450000000,level,S,100.05,300
1714000007500000000,clear,,,
1714000007500000000,level,B,100.00,120
1714000007500000000,level,S,100.02,310
1714000007500000000,level,B,99.99,260
1714000007500000000,level,S,100.03,70
1714000007500000000,level,B,99.98,50
1714000007500000000,level,S,100.04,90
1714000007500000000,level,B,99.97,230
1714000007500000000,level,S,100.05,280
1714000007500000000,level,B,99.96,240
1714000007500000000,level,S,100.06,60
1714000007550000000,trade,B,100.03,60
1714000007600000000,trade,B,100.03,70
1714000007650000000,trade,B,100.04,100
1714000007700000000,trade,B,100.03,80
1714000007750000000,clear,,,
1714000007750000000,level,B,99.99,150
1714000007750000000,level,S,100.01,50
1714000007750000000,level,B,99.98,230
1714000007750000000,level,S,100.02,400
1714000007750000000,level,B,99.97,170
1714000007750000000,level,S,100.03,110
1714000007750000000,level,B,99.96,210
1714000007750000000,level,S,100.04,400
1714000007750000000,level,B,99.95,180
1714000007750000000,level,S,100.05,300
1714000007800000000,clear,,,
1714000007800000000,level,B,100.00,140
1714000007800000000,level,S,100.02,380
1714000007800000000,level,B,99.99,170
1714000007800000000,level,S,100.03,400
1714000007800000000,level,B,99.98,330
1714000007800000000,level,S,100.04,160
1714000007800000000,level,B,99.97,210
1714000007800000000,level,S,100.05,240
1714000007800000000,level,B,99.96,30
1714000007800000000,level,S,100.06,130
1714000007850000000,clear,,,
1714000007850000000,level,B,99.99,180
1714000007850000000,level,S,100.01,210
1714000007850000000,level,B,99.98,250
1714000007850000000,level,S,100.02,110
1714000007850000000,level,B,99.97,170
1714000007850000000,level,S,100.03,80
1714000007850000000,level,B,99.96,340
1714000007850000000,level,S,100.04,40
1714000007850000000,level,B,99.95,240
1714000007850000000,level,S,100.05,290
1714000007900000000,trade,B,100.01,70
1714000007950000000,trade,S,99.99,100
1714000008000000000,clear,,,
1714000008000000000,level,B,100.00,60
1714000008000000000,level,S,100.02,290
1714000008000000000,level,B,99.99,150
1714000008000000000,level,S,100.03,120
1714000008000000000,level,B,99.98,400
1714000008000000000,level,S,100.04,40
1714000008000000000,level,B,99.97,190
1714000008000000000,level,S,100.05,340
1714000008000000000,level,B,99.96,170
1714000008000000000,level,S,100.06,200
1714000008050000000,trade,S,100.00,40
1714000008100000000,clear,,,
1714000008100000000,level,B,100.01,270
1714000008100000000,level,S,100.03,330
1714000008100000000,level,B,100.00,240
1714000008100000000,level,S,100.04,40
1714000008100000000,level,B,99.99,90
1714000008100000000,level,S,100.05,320
1714000008100000000,level,B,99.98,150
1714000008100000000,level,S,100.06,400
1714000008100000000,level,B,99.97,30
1714000008100000000,level,S,100.07,20
1714000008150000000,clear,,,
1714000008150000000,level,B,100.02,200
1714000008150000000,level,S,100.04,70
1714000008150000000,level,B,100.01,340
1714000008150000000,level,S,100.05,230
1714000008150000000,level,B,100.00,350
1714000008150000000,level,S,100.06,150
1714000008150000000,level,B,99.99,270
1714000008150000000,level,S,100.07,380
1714000008150000000,level,B,99.98,200
1714000008150000000,level,S,100.08,380
1714000008200000000,clear,,,
1714000008200000000,level,B,100.03,400
1714000008200000000,level,S,100.05,310
1714000008200000000,level,B,100.02,110
1714000008200000000,level,S,100.06,90
1714000008200000000,level,B,100.01,10
1714000008200000000,level,S,100.07,160
1714000008200000000,level,B,100.00,100
1714000008200000000,level,S,100.08,290
1714000008200000000,level,B,99.99,70
1714000008200000000,level,S,100.09,50
1714000008250000000,trade,S,100.03,10
1714000008300000000,clear,,,
1714000008300000000,level,B,100.04,390
1714000008300000000,level,S,100.06,380
1714000008300000000,level,B,100.03,290
1714000008300000000,level,S,100.07,390
1714000008300000000,level,B,100.02,340
1714000008300000000,level,S,100.08,320
1714000008300000000,level,B,100.01,160
1714000008300000000,level,S,100.09,110
1714000008300000000,level,B,100.00,10
1714000008300000000,level,S,100.10,30
1714000008350000000,clear,,,
1714000008350000000,level,B,100.03,260
1714000008350000000,level,S,100.05,120
1714000008350000000,level,B,100.02,160
1714000008350000000,level,S,100.06,110
1714000008350000000,level,B,100.01,40
1714000008350000000,level,S,100.07,70
1714000008350000000,level,B,100.00,10
1714000008350000000,level,S,100.08,400
1714000008350000000,level,B,99.99,360
1714000008350000000,level,S,100.09,130
1714000008400000000,clear,,,
1714000008400000000,level,B,100.02,340
1714000008400000000,level,S,100.04,390
1714000008400000000,level,B,100.01,330
1714000008400000000,level,S,100.05,270
1714000008400000000,level,B,100.00,400
1714000008400000000,level,S,100.06,120
1714000008400000000,level,B,99.99,330
1714000008400000000,level,S,100.07,200
1714000008400000000,level,B,99.98,50
1714000008400000000,level,S,100.08,200
1714000008450000000,trade,S,100.01,70
1714000008500000000,trade,S,100.01,30
1714000008550000000,clear,,,
1714000008550000000,level,B,100.01,170
1714000008550000000,level,S,100.03,150
1714000008550000000,level,B,100.00,30
1714000008550000000,level,S,100.04,80
1714000008550000000,level,B,99.99,220
1714000008550000000,level,S,100.05,170
1714000008550000000,level,B,99.98,40
1714000008550000000,level,S,100.06,180
1714000008550000000,level,B,99.97,360
1714000008550000000,level,S,100.07,280
1714000008600000000,trade,S,100.01,40
1714000008650000000,clear,,,
1714000008650000000,level,B,100.00,110
1714000008650000000,level,S,100.02,170
1714000008650000000,level,B,99.99,160
1714000008650000000,level,S,100.03,130
1714000008650000000,level,B,99.98,110
1714000008650000000,level,S,100.04,210
1714000008650000000,level,B,99.97,130
1714000008650000000,level,S,100.05,250
1714000008650000000,level,B,99.96,220
1714000008650000000,level,S,100.06,390
1714000008700000000,clear,,,
1714000008700000000,level,B,100.01,310
1714000008700000000,level,S,100.03,340
1714000008700000000,level,B,100.00,10
1714000008700000000,level,S,100.04,20
1714000008700000000,level,B,99.99,280
1714000008700000000,level,S,100.05,150
1714000008700000000,level,B,99.98,370
1714000008700000000,level,S,100.06,200
1714000008700000000,level,B,99.97,140
1714000008700000000,level,S,100.07,260
1714000008750000000,trade,B,100.03,10
1714000008800000000,clear,,,
1714000008800000000,level,B,100.00,400
1714000008800000000,level,S,100.02,110
1714000008800000000,level,B,99.99,230
1714000008800000000,level,S,100.03,100
1714000008800000000,level,B,99.98,20
1714000008800000000,level,S,100.04,20
1714000008800000000,level,B,99.97,30
1714000008800000000,level,S,100.05,90
1714000008800000000,level,B,99.96,30
1714000008800000000,level,S,100.06,50
1714000008850000000,trade,B,100.02,40
1714000008900000000,trade,B,100.02,70
1714000008950000000,clear,,,
1714000008950000000,level,B,99.99,140
1714000008950000000,level,S,100.01,80
1714000008950000000,level,B,99.98,30
1714000008950000000,level,S,100.02,30
1714000008950000000,level,B,99.97,60
1714000008950000000,level,S,100.03,190
1714000008950000000,level,B,99.96,310
1714000008950000000,level,S,100.04,70
1714000008950000000,level,B,99.95,90
1714000008950000000,level,S,100.05,70
1714000009000000000,trade,B,100.01,50
1714000009050000000,clear,,,
1714000009050000000,level,B,100.00,190
1714000009050000000,level,S,100.02,40
1714000009050000000,level,B,99.99,240
1714000009050000000,level,S,100.03,210
1714000009050000000,level,B,99.98,390
1714000009050000000,level,S,100.04,330
1714000009050000000,level,B,99.97,310
1714000009050000000,level,S,100.05,190
1714000009050000000,level,B,99.96,400
1714000009050000000,level,S,100.06,20
1714000009100000000,trade,B,100.02,60
1714000009150000000,trade,B,100.02,20
1714000009200000000,trade,S,99.98,40
1714000009250000000,clear,,,
1714000009250000000,level,B,99.99,10
1714000009250000000,level,S,100.01,230
1714000009250000000,level,B,99.98,320
1714000009250000000,level,S,100.02,70
1714000009250000000,level,B,99.97,320
1714000009250000000,level,S,100.03,120
1714000009250000000,level,B,99.96,320
1714000009250000000,level,S,100.04,380
1714000009250000000,level,B,99.95,230
1714000009250000000,level,S,100.05,330
1714000009300000000,clear,,,
1714000009300000000,level,B,99.98,190
1714000009300000000,level,S,100.00,140
1714000009300000000,level,B,99.97,150
1714000009300000000,level,S,100.01,320
1714000009300000000,level,B,99.96,110
1714000009300000000,level,S,100.02,80
1714000009300000000,level,B,99.95,60
1714000009300000000,level,S,100.03,320
1714000009300000000,level,B,99.94,360
1714000009300000000,level,S,100.04,70
1714000009350000000,trade,S,99.97,20
1714000009400000000,trade,B,100.00,70
1714000009450000000,trade,B,100.00,40
1714000009500000000,trade,B,100.00,100
1714000009550000000,trade,S,99.98,80
1714000009600000000,trade,S,99.97,50
1714000009650000000,trade,B,100.00,40
1714000009700000000,trade,S,99.98,100
1714000009750000000,clear,,,
1714000009750000000,level,B,99.97,160
1714000009750000000,level,S,99.99,210
1714000009750000000,level,B,99.96,390
1714000009750000000,level,S,100.00,340
1714000009750000000,level,B,99.95,230
1714000009750000000,level,S,100.01,110
1714000009750000000,level,B,99.94,160
1714000009750000000,level,S,100.02,210
1714000009750000000,level,B,99.93,130
1714000009750000000,level,S,100.03,170
1714000009800000000,trade,B,100.00,40
1714000009850000000,trade,B,99.99,70
1714000009900000000,clear,,,
1714000009900000000,level,B,99.96,70
1714000009900000000,level,S,99.98,180
1714000009900000000,level,B,99.95,140
1714000009900000000,level,S,99.99,250
1714000009900000000,level,B,99.94,300
1714000009900000000,level,S,100.00,30
1714000009900000000,level,B,99.93,10
1714000009900000000,level,S,100.01,260
1714000009900000000,level,B,99.92,280
1714000009900000000,level,S,100.02,150
1714000009950000000,trade,S,99.96,100
1714000010000000000,trade,B,99.98,70
1714000010050000000,trade,S,99.96,100
1714000010100000000,trade,B,99.98,60
1714000010150000000,clear,,,
1714000010150000000,level,B,99.95,270
1714000010150000000,level,S,99.97,160
1714000010150000000,level,B,99.94,260
1714000010150000000,level,S,99.98,110
1714000010150000000,level,B,99.93,170
1714000010150000000,level,S,99.99,280
1714000010150000000,level,B,99.92,310
1714000010150000000,level,S,100.00,300
1714000010150000000,level,B,99.91,20
1714000010150000000,level,S,100.01,400
1714000010200000000,trade,B,99.97,10
1714000010250000000,trade,S,99.95,50
1714000010300000000,trade,B,99.97,40
1714000010350000000,trade,B,99.97,40
1714000010400000000,trade,B,99.97,90
1714000010450000000,trade,S,99.94,70
1714000010500000000,trade,B,99.97,10
1714000010550000000,clear,,,
1714000010550000000,level,B,99.96,260
1714000010550000000,level,S,99.98,40
1714000010550000000,level,B,99.95,10
1714000010550000000,level,S,99.99,50
1714000010550000000,level,B,99.94,270
1714000010550000000,level,S,100.00,270
1714000010550000000,level,B,99.93,230
1714000010550000000,level,S,100.01,380
1714000010550000000,level,B,99.92,170
1714000010550000000,level,S,100.02,70
1714000010600000000,clear,,,
1714000010600000000,level,B,99.97,340
1714000010600000000,level,S,99.99,150
1714000010600000000,level,B,99.96,260
1714000010600000000,level,S,100.00,300
1714000010600000000,level,B,99.95,140
1714000010600000000,level,S,100.01,110
1714000010600000000,level,B,99.94,90
1714000010600000000,level,S,100.02,50
1714000010600000000,level,B,99.93,130
1714000010600000000,level,S,100.03,310
1714000010650000000,trade,B,99.99,70
1714000010700000000,trade,S,99.97,80
1714000010750000000,trade,B,99.99,50
1714000010800000000,trade,B,99.99,50
1714000010850000000,trade,S,99.97,100
1714000010900000000,trade,S,99.96,70
1714000010950000000,clear,,,
1714000010950000000,level,B,99.98,90
1714000010950000000,level,S,100.00,340
1714000010950000000,level,B,99.97,230
1714000010950000000,level,S,100.01,380
1714000010950000000,level,B,99.96,10
1714000010950000000,level,S,100.02,10
1714000010950000000,level,B,99.95,140
1714000010950000000,level,S,100.03,50
1714000010950000000,level,B,99.94,190
1714000010950000000,level,S,100.04,170
1714000011000000000,trade,B,100.00,80
1714000011050000000,trade,B,100.01,90
1714000011100000000,clear,,,
1714000011100000000,level,B,99.97,360
1714000011100000000,level,S,99.99,200
1714000011100000000,level,B,99.96,130
1714000011100000000,level,S,100.00,320
1714000011100000000,level,B,99.95,140
1714000011100000000,level,S,100.01,340
1714000011100000000,level,B,99.94,60
1714000011100000000,level,S,100.02,290
1714000011100000000,level,B,99.93,80
1714000011100000000,level,S,100.03,360
1714000011150000000,clear,,,
1714000011150000000,level,B,99.98,150
1714000011150000000,level,S,100.00,90
1714000011150000000,level,B,99.97,310
1714000011150000000,level,S,100.01,320
1714000011150000000,level,B,99.96,360
1714000011150000000,level,S,100.02,40
1714000011150000000,level,B,99.95,310
1714000011150000000,level,S,100.03,300
1714000011150000000,level,B,99.94,100
1714000011150000000,level,S,100.04,320
1714000011200000000,clear,,,
1714000011200000000,level,B,99.97,350
1714000011200000000,level,S,99.99,390
1714000011200000000,level,B,99.96,10
1714000011200000000,level,S,100.00,110
1714000011200000000,level,B,99.95,210
1714000011200000000,level,S,100.01,300
1714000011200000000,level,B,99.94,370
1714000011200000000,level,S,100.02,320
1714000011200000000,level,B,99.93,190
1714000011200000000,level,S,100.03,300
1714000011250000000,trade,S,99.97,30
1714000011300000000,trade,B,100.01,60
1714000011350000000,trade,B,99.99,30
1714000011400000000,clear,,,
1714000011400000000,level,B,99.98,90
1714000011400000000,level,S,100.00,220
1714000011400000000,level,B,99.97,70
1714000011400000000,level,S,100.01,240
1714000011400000000,level,B,99.96,220
1714000011400000000,level,S,100.02,310
1714000011400000000,level,B,99.95,340
1714000011400000000,level,S,100.03,360
1714000011400000000,level,B,99.94,140
1714000011400000000,level,S,100.04,190
1714000011450000000,trade,S,99.97,50
1714000011500000000,clear,,,
1714000011500000000,level,B,99.99,260
1714000011500000000,level,S,100.01,220
1714000011500000000,level,B,99.98,330
1714000011500000000,level,S,100.02,180
1714000011500000000,level,B,99.97,330
1714000011500000000,level,S,100.03,230
1714000011500000000,level,B,99.96,140
1714000011500000000,level,S,100.04,320
1714000011500000000,level,B,99.95,80
1714000011500000000,level,S,100.05,220
1714000011550000000,clear,,,
1714000011550000000,level,B,100.00,90
1714000011550000000,level,S,100.02,380
1714000011550000000,level,B,99.99,60
1714000011550000000,level,S,100.03,30
1714000011550000000,level,B,99.98,260
1714000011550000000,level,S,100.04,360
1714000011550000000,level,B,99.97,260
1714000011550000000,level,S,100.05,350
1714000011550000000,level,B,99.96,370
1714000011550000000,level,S,100.06,40
1714000011600000000,trade,B,100.03,80
1714000011650000000,trade,B,100.02,100
1714000011700000000,trade,B,100.02,100
1714000011750000000,trade,B,100.03,80
1714000011800000000,trade,B,100.03,10
1714000011850000000,trade,B,100.02,60
1714000011900000000,trade,B,100.02,50
1714000011950000000,trade,B,100.02,70
1714000012000000000,trade,B,100.02,20
1714000012050000000,trade,S,100.00,80
1714000012100000000,clear,,,
1714000012100000000,level,B,100.01,390
1714000012100000000,level,S,100.03,380
1714000012100000000,level,B,100.00,100
1714000012100000000,level,S,100.04,310
1714000012100000000,level,B,99.99,270
1714000012100000000,level,S,100.05,360
1714000012100000000,level,B,99.98,70
1714000012100000000,level,S,100.06,60
1714000012100000000,level,B,99.97,310
1714000012100000000,level,S,100.07,140
1714000012150000000,trade,B,100.04,20
1714000012200000000,trade,B,100.04,80
1714000012250000000,clear,,,
1714000012250000000,level,B,100.00,290
1714000012250000000,level,S,100.02,120
1714000012250000000,level,B,99.99,40
1714000012250000000,level,S,100.03,240
1714000012250000000,level,B,99.98,100
1714000012250000000,level,S,100.04,60
1714000012250000000,level,B,99.97,190
1714000012250000000,level,S,100.05,360
1714000012250000000,level,B,99.96,320
1714000012250000000,level,S,100.06,300
1714000012300000000,trade,S,99.99,10
1714000012350000000,clear,,,
1714000012350000000,level,B,99.99,400
1714000012350000000,level,S,100.01,60
1714000012350000000,level,B,99.98,250
1714000012350000000,level,S,100.02,200
1714000012350000000,level,B,99.97,200
1714000012350000000,level,S,100.03,390
1714000012350000000,level,B,99.96,110
1714000012350000000,level,S,100.04,320
1714000012350000000,level,B,99.95,390
1714000012350000000,level,S,100.05,40
1714000012400000000,trade,S,99.99,20
1714000012450000000,trade,B,100.01,70
1714000012500000000,trade,S,99.99,100
1714000012550000000,trade,S,99.98,100
1714000012600000000,trade,B,100.01,50
1714000012650000000,trade,B,100.01,100
1714000012700000000,trade,B,100.01,10
1714000012750000000,trade,S,99.99,10
1714000012800000000,clear,,,
1714000012800000000,level,B,99.98,370
1714000012800000000,level,S,100.00,100
1714000012800000000,level,B,99.97,180
1714000012800000000,level,S,100.01,360
1714000012800000000,level,B,99.96,320
1714000012800000000,level,S,100.02,230
1714000012800000000,level,B,99.95,350
1714000012800000000,level,S,100.03,60
1714000012800000000,level,B,99.94,350
1714000012800000000,level,S,100.04,360
1714000012850000000,trade,S,99.97,40
1714000012900000000,trade,B,100.00,40
1714000012950000000,trade,B,100.00,20
1714000013000000000,trade,S,99.98,100
1714000013050000000,trade,S,99.98,80
1714000013100000000,trade,B,100.01,30
1714000013150000000,trade,S,99.98,70
1714000013200000000,trade,B,100.01,80
1714000013250000000,trade,B,100.00,20
1714000013300000000,clear,,,
1714000013300000000,level,B,99.97,230
1714000013300000000,level,S,99.99,180
1714000013300000000,level,B,99.96,340
1714000013300000000,level,S,100.00,390
1714000013300000000,level,B,99.95,20
1714000013300000000,level,S,100.01,70
1714000013300000000,level,B,99.94,30
1714000013300000000,level,S,100.02,140
1714000013300000000,level,B,99.93,370
1714000013300000000,level,S,100.03,320
1714000013350000000,trade,B,99.99,70
1714000013400000000,clear,,,
1714000013400000000,level,B,99.98,380
1714000013400000000,level,S,100.00,390
1714000013400000000,level,B,99.97,90
1714000013400000000,level,S,100.01,170
1714000013400000000,level,B,99.96,30
1714000013400000000,level,S,100.02,220
1714000013400000000,level,B,99.95,130
1714000013400000000,level,S,100.03,120
1714000013400000000,level,B,99.94,250
1714000013400000000,level,S,100.04,60
1714000013450000000,clear,,,
1714000013450000000,level,B,99.97,360
1714000013450000000,level,S,99.99,240
1714000013450000000,level,B,99.96,300
1714000013450000000,level,S,100.00,320
1714000013450000000,level,B,99.95,50
1714000013450000000,level,S,100.01,390
1714000013450000000,level,B,99.94,260
1714000013450000000,level,S,100.02,80
1714000013450000000,level,B,99.93,60
1714000013450000000,level,S,100.03,170
1714000013500000000,trade,B,99.99,90
1714000013550000000,trade,S,99.97,40
1714000013600000000,trade,B,100.00,60
1714000013650000000,clear,,,
1714000013650000000,level,B,99.96,40
1714000013650000000,level,S,99.98,170
1714000013650000000,level,B,99.95,330
1714000013650000000,level,S,99.99,310
1714000013650000000,level,B,99.94,40
1714000013650000000,level,S,100.00,70
1714000013650000000,level,B,99.93,100
1714000013650000000,level,S,100.01,210
1714000013650000000,level,B,99.92,10
1714000013650000000,level,S,100.02,130
1714000013700000000,trade,S,99.96,20
1714000013750000000,trade,S,99.96,80
1714000013800000000,trade,S,99.95,10
1714000013850000000,trade,B,99.98,40
1714000013900000000,clear,,,
1714000013900000000,level,B,99.97,90
1714000013900000000,level,S,99.99,290
1714000013900000000,level,B,99.96,70
1714000013900000000,level,S,100.00,250
1714000013900000000,level,B,99.95,20
1714000013900000000,level,S,100.01,50
1714000013900000000,level,B,99.94,290
1714000013900000000,level,S,100.02,220
1714000013900000000,level,B,99.93,210
1714000013900000000,level,S,100.03,150
1714000013950000000,trade,S,99.96,10
1714000014000000000,clear,,,
1714000014000000000,level,B,99.98,360
1714000014000000000,level,S,100.00,100
1714000014000000000,level,B,99.97,290
1714000014000000000,level,S,100.01,100
1714000014000000000,level,B,99.96,180
1714000014000000000,level,S,100.02,270
1714000014000000000,level,B,99.95,270
1714000014000000000,level,S,100.03,160
1714000014000000000,level,B,99.94,100
1714000014000000000,level,S,100.04,20
1714000014050000000,clear,,,
1714000014050000000,level,B,99.99,220
1714000014050000000,level,S,100.01,110
1714000014050000000,level,B,99.98,170
1714000014050000000,level,S,100.02,320
1714000014050000000,level,B,99.97,70
1714000014050000000,level,S,100.03,210
1714000014050000000,level,B,99.96,300
1714000014050000000,level,S,100.04,310
1714000014050000000,level,B,99.95,80
1714000014050000000,level,S,100.05,100
1714000014100000000,trade,B,100.01,40
1714000014150000000,trade,S,99.98,60
1714000014200000000,trade,S,99.99,20
1714000014250000000,trade,S,99.98,50
1714000014300000000,clear,,,
1714000014300000000,level,B,99.98,290
1714000014300000000,level,S,100.00,330
1714000014300000000,level,B,99.97,220
1714000014300000000,level,S,100.01,330
1714000014300000000,level,B,99.96,90
1714000014300000000,level,S,100.02,290
1714000014300000000,level,B,99.95,10
1714000014300000000,level,S,100.03,340
1714000014300000000,level,B,99.94,190
1714000014300000000,level,S,100.04,120
1714000014350000000,trade,B,100.00,100
1714000014400000000,clear,,,
1714000014400000000,level,B,99.97,340
1714000014400000000,level,S,99.99,150
1714000014400000000,level,B,99.96,120
1714000014400000000,level,S,100.00,130
1714000014400000000,level,B,99.95,390
1714000014400000000,level,S,100.01,60
1714000014400000000,level,B,99.94,60
1714000014400000000,level,S,100.02,390
1714000014400000000,level,B,99.93,320
1714000014400000000,level,S,100.03,180
1714000014450000000,clear,,,
1714000014450000000,level,B,99.96,400
1714000014450000000,level,S,99.98,130
1714000014450000000,level,B,99.95,380
1714000014450000000,level,S,99.99,200
1714000014450000000,level,B,99.94,130
1714000014450000000,level,S,100.00,10
1714000014450000000,level,B,99.93,50
1714000014450000000,level,S,100.01,340
1714000014450000000,level,B,99.92,270
1714000014450000000,level,S,100.02,40
1714000014500000000,trade,S,99.96,80
1714000014550000000,clear,,,
1714000014550000000,level,B,99.97,310
1714000014550000000,level,S,99.99,90
1714000014550000000,level,B,99.96,180
1714000014550000000,level,S,100.00,160
1714000014550000000,level,B,99.95,120
1714000014550000000,level,S,100.01,370
1714000014550000000,level,B,99.94,240
1714000014550000000,level,S,100.02,30
1714000014550000000,level,B,99.93,110
1714000014550000000,level,S,100.03,240
1714000014600000000,trade,B,99.99,90
1714000014650000000,clear,,,
1714000014650000000,level,B,99.98,160
1714000014650000000,level,S,100.00,210
1714000014650000000,level,B,99.97,250
1714000014650000000,level,S,100.01,370
1714000014650000000,level,B,99.96,40
1714000014650000000,level,S,100.02,190
1714000014650000000,level,B,99.95,70
1714000014650000000,level,S,100.03,320
1714000014650000000,level,B,99.94,290
1714000014650000000,level,S,100.04,330
1714000014700000000,clear,,,
1714000014700000000,level,B,99.97,20
1714000014700000000,level,S,99.99,160
1714000014700000000,level,B,99.96,60
1714000014700000000,level,S,100.00,150
1714000014700000000,level,B,99.95,400
1714000014700000000,level,S,100.01,120
1714000014700000000,level,B,99.94,110
1714000014700000000,level,S,100.02,70
1714000014700000000,level,B,99.93,200
1714000014700000000,level,S,100.03,170
1714000014750000000,trade,B,100.00,40
1714000014800000000,clear,,,
1714000014800000000,level,B,99.98,340
1714000014800000000,level,S,100.00,160
1714000014800000000,level,B,99.97,290
1714000014800000000,level,S,100.01,70
1714000014800000000,level,B,99.96,230
1714000014800000000,level,S,100.02,70
1714000014800000000,level,B,99.95,120
1714000014800000000,level,S,100.03,30
1714000014800000000,level,B,99.94,180
1714000014800000000,level,S,100.04,80
1714000014850000000,trade,S,99.97,30
1714000014900000000,trade,B,100.00,100
1714000014950000000,trade,S,99.97,70
1714000015000000000,trade,B,100.00,60
1714000015050000000,trade,B,100.00,100
1714000015100000000,trade,S,99.98,10
1714000015150000000,trade,B,100.00,40
1714000015200000000,trade,B,100.00,20
1714000015250000000,trade,B,100.01,30
1714000015300000000,trade,S,99.98,10
1714000015350000000,trade,B,100.01,50
1714000015400000000,trade,S,99.98,10
1714000015450000000,trade,S,99.96,40
1714000015500000000,trade,S,99.97,30
1714000015550000000,clear,,,
1714000015550000000,level,B,99.99,60
1714000015550000000,level,S,100.01,300
1714000015550000000,level,B,99.98,380
1714000015550000000,level,S,100.02,350
1714000015550000000,level,B,99.97,100
1714000015550000000,level,S,100.03,290
1714000015550000000,level,B,99.96,80
1714000015550000000,level,S,100.04,330
1714000015550000000,level,B,99.95,90
1714000015550000000,level,S,100.05,190
1714000015600000000,trade,S,99.99,90
1714000015650000000,clear,,,
1714000015650000000,level,B,100.00,400
1714000015650000000,level,S,100.02,370
1714000015650000000,level,B,99.99,150
1714000015650000000,level,S,100.03,250
1714000015650000000,level,B,99.98,130
1714000015650000000,level,S,100.04,360
1714000015650000000,level,B,99.97,240
1714000015650000000,level,S,100.05,300
1714000015650000000,level,B,99.96,360
1714000015650000000,level,S,100.06,200
1714000015700000000,trade,S,99.99,60
1714000015750000000,clear,,,
1714000015750000000,level,B,100.01,380
1714000015750000000,level,S,100.03,260
1714000015750000000,level,B,100.00,10
1714000015750000000,level,S,100.04,230
1714000015750000000,level,B,99.99,110
1714000015750000000,level,S,100.05,160
1714000015750000000,level,B,99.98,210
1714000015750000000,level,S,100.06,360
1714000015750000000,level,B,99.97,210
1714000015750000000,level,S,100.07,320
1714000015800000000,clear,,,
1714000015800000000,level,B,100.00,190
1714000015800000000,level,S,100.02,40
1714000015800000000,level,B,99.99,20
1714000015800000000,level,S,100.03,110
1714000015800000000,level,B,99.98,360
1714000015800000000,level,S,100.04,50
1714000015800000000,level,B,99.97,390
1714000015800000000,level,S,100.05,230
1714000015800000000,level,B,99.96,290
1714000015800000000,level,S,100.06,40
1714000015850000000,trade,S,100.00,90
1714000015900000000,clear,,,
1714000015900000000,level,B,99.99,270
1714000015900000000,level,S,100.01,220
1714000015900000000,level,B,99.98,230
1714000015900000000,level,S,100.02,90
1714000015900000000,level,B,99.97,130
1714000015900000000,level,S,100.03,400
1714000015900000000,level,B,99.96,400
1714000015900000000,level,S,100.04,180
1714000015900000000,level,B,99.95,340
1714000015900000000,level,S,100.05,70
1714000015950000000,trade,S,99.99,30
1714000016000000000,trade,B,100.02,100
1714000016050000000,clear,,,
1714000016050000000,level,B,100.00,370
1714000016050000000,level,S,100.02,100
1714000016050000000,level,B,99.99,270
1714000016050000000,level,S,100.03,180
1714000016050000000,level,B,99.98,400
1714000016050000000,level,S,100.04,390
1714000016050000000,level,B,99.97,80
1714000016050000000,level,S,100.05,250
1714000016050000000,level,B,99.96,290
1714000016050000000,level,S,100.06,300
1714000016100000000,clear,,,
1714000016100000000,level,B,100.01,190
1714000016100000000,level,S,100.03,230
1714000016100000000,level,B,100.00,260
1714000016100000000,level,S,100.04,340
1714000016100000000,level,B,99.99,360
1714000016100000000,level,S,100.05,390
1714000016100000000,level,B,99.98,250
1714000016100000000,level,S,100.06,210
1714000016100000000,level,B,99.97,10
1714000016100000000,level,S,100.07,320
1714000016150000000,trade,S,100.00,30
1714000016200000000,trade,S,100.01,60
1714000016250000000,trade,B,100.03,70
1714000016300000000,trade,B,100.04,80
1714000016350000000,clear,,,
1714000016350000000,level,B,100.02,350
1714000016350000000,level,S,100.04,400
1714000016350000000,level,B,100.01,280
1714000016350000000,level,S,100.05,340
1714000016350000000,level,B,100.00,340
1714000016350000000,level,S,100.06,280
1714000016350000000,level,B,99.99,250
1714000016350000000,level,S,100.07,300
1714000016350000000,level,B,99.98,230
1714000016350000000,level,S,100.08,30
1714000016400000000,trade,S,100.01,20
1714000016450000000,trade,B,100.04,90
1714000016500000000,trade,B,100.04,80
1714000016550000000,trade,S,100.02,20
1714000016600000000,clear,,,
1714000016600000000,level,B,100.03,240
1714000016600000000,level,S,100.05,50
1714000016600000000,level,B,100.02,200
1714000016600000000,level,S,100.06,330
1714000016600000000,level,B,100.01,120
1714000016600000000,level,S,100.07,80
1714000016600000000,level,B,100.00,190
1714000016600000000,level,S,100.08,220
1714000016600000000,level,B,99.99,330
1714000016600000000,level,S,100.09,270
1714000016650000000,trade,S,100.03,40
1714000016700000000,trade,B,100.05,60
1714000016750000000,trade,B,100.06,10
1714000016800000000,trade,B,100.05,20
1714000016850000000,trade,B,100.06,90
1714000016900000000,trade,B,100.05,20
1714000016950000000,clear,,,
1714000016950000000,level,B,100.02,20
1714000016950000000,level,S,100.04,70
1714000016950000000,level,B,100.01,50
1714000016950000000,level,S,100.05,110
1714000016950000000,level,B,100.00,340
1714000016950000000,level,S,100.06,320
1714000016950000000,level,B,99.99,300
1714000016950000000,level,S,100.07,400
1714000016950000000,level,B,99.98,280
1714000016950000000,level,S,100.08,40
1714000017000000000,trade,S,100.01,50
1714000017050000000,clear,,,
1714000017050000000,level,B,100.03,70
1714000017050000000,level,S,100.05,380
1714000017050000000,level,B,100.02,50
1714000017050000000,level,S,100.06,230
1714000017050000000,level,B,100.01,130
1714000017050000000,level,S,100.07,290
1714000017050000000,level,B,100.00,400
1714000017050000000,level,S,100.08,250
1714000017050000000,level,B,99.99,20
1714000017050000000,level,S,100.09,40
1714000017100000000,clear,,,
1714000017100000000,level,B,100.04,380
1714000017100000000,level,S,100.06,30
1714000017100000000,level,B,100.03,290
1714000017100000000,level,S,100.07,40
1714000017100000000,level,B,100.02,400
1714000017100000000,level,S,100.08,160
1714000017100000000,level,B,100.01,160
1714000017100000000,level,S,100.09,150
1714000017100000000,level,B,100.00,30
1714000017100000000,level,S,100.10,110
1714000017150000000,trade,B,100.06,80
1714000017200000000,trade,S,100.04,20
1714000017250000000,clear,,,
1714000017250000000,level,B,100.05,380
1714000017250000000,level,S,100.07,150
1714000017250000000,level,B,100.04,270
1714000017250000000,level,S,100.08,200
1714000017250000000,level,B,100.03,260
1714000017250000000,level,S,100.09,320
1714000017250000000,level,B,100.02,20
1714000017250000000,level,S,100.10,160
1714000017250000000,level,B,100.01,60
1714000017250000000,level,S,100.11,120
1714000017300000000,clear,,,
1714000017300000000,level,B,100.06,120
1714000017300000000,level,S,100.08,10
1714000017300000000,level,B,100.05,190
1714000017300000000,level,S,100.09,260
1714000017300000000,level,B,100.04,360
1714000017300000000,level,S,100.10,240
1714000017300000000,level,B,100.03,80
1714000017300000000,level,S,100.11,220
1714000017300000000,level,B,100.02,350
1714000017300000000,level,S,100.12,250
1714000017350000000,trade,B,100.08,60
1714000017400000000,trade,S,100.05,40
1714000017450000000,trade,S,100.06,30
1714000017500000000,clear,,,
1714000017500000000,level,B,100.05,60
1714000017500000000,level,S,100.07,130
1714000017500000000,level,B,100.04,180
1714000017500000000,level,S,100.08,350
1714000017500000000,level,B,100.03,90
1714000017500000000,level,S,100.09,360
1714000017500000000,level,B,100.02,290
1714000017500000000,level,S,100.10,300
1714000017500000000,level,B,100.01,160
1714000017500000000,level,S,100.11,110
1714000017550000000,trade,B,100.07,100
1714000017600000000,clear,,,
1714000017600000000,level,B,100.06,330
1714000017600000000,level,S,100.08,140
1714000017600000000,level,B,100.05,150
1714000017600000000,level,S,100.09,290
1714000017600000000,level,B,100.04,90
1714000017600000000,level,S,100.10,170
1714000017600000000,level,B,100.03,390
1714000017600000000,level,S,100.11,290
1714000017600000000,level,B,100.02,380
1714000017600000000,level,S,100.12,240
1714000017650000000,trade,S,100.06,20
1714000017700000000,trade,B,100.08,70
1714000017750000000,clear,,,
1714000017750000000,level,B,100.05,200
1714000017750000000,level,S,100.07,10
1714000017750000000,level,B,100.04,250
1714000017750000000,level,S,100.08,60
1714000017750000000,level,B,100.03,120
1714000017750000000,level,S,100.09,150
1714000017750000000,level,B,100.02,210
1714000017750000000,level,S,100.10,130
1714000017750000000,level,B,100.01,70
1714000017750000000,level,S,100.11,50
1714000017800000000,trade,S,100.05,40
1714000017850000000,clear,,,
1714000017850000000,level,B,100.06,60
1714000017850000000,level,S,100.08,150
1714000017850000000,level,B,100.05,190
1714000017850000000,level,S,100.09,90
1714000017850000000,level,B,100.04,260
1714000017850000000,level,S,100.10,190
1714000017850000000,level,B,100.03,230
1714000017850000000,level,S,100.11,260
1714000017850000000,level,B,100.02,300
1714000017850000000,level,S,100.12,90
1714000017900000000,trade,B,100.09,60
1714000017950000000,trade,B,100.08,40
1714000018000000000,trade,S,100.06,30
1714000018050000000,clear,,,
1714000018050000000,level,B,100.07,390
1714000018050000000,level,S,100.09,150
1714000018050000000,level,B,100.06,30
1714000018050000000,level,S,100.10,260
1714000018050000000,level,B,100.05,30
1714000018050000000,level,S,100.11,390
1714000018050000000,level,B,100.04,110
1714000018050000000,level,S,100.12,280
1714000018050000000,level,B,100.03,130
1714000018050000000,level,S,100.13,200
1714000018100000000,clear,,,
1714000018100000000,level,B,100.06,360
1714000018100000000,level,S,100.08,200
1714000018100000000,level,B,100.05,120
1714000018100000000,level,S,100.09,370
1714000018100000000,level,B,100.04,150
1714000018100000000,level,S,100.10,370
1714000018100000000,level,B,100.03,320
1714000018100000000,level,S,100.11,340
1714000018100000000,level,B,100.02,170
1714000018100000000,level,S,100.12,280
1714000018150000000,trade,S,100.06,50
1714000018200000000,trade,B,100.08,10
1714000018250000000,trade,B,100.08,20
1714000018300000000,trade,S,100.06,40
1714000018350000000,clear,,,
1714000018350000000,level,B,100.05,230
1714000018350000000,level,S,100.07,280
1714000018350000000,level,B,100.04,290
1714000018350000000,level,S,100.08,220
1714000018350000000,level,B,100.03,330
1714000018350000000,level,S,100.09,290
1714000018350000000,level,B,100.02,330
1714000018350000000,level,S,100.10,40
1714000018350000000,level,B,100.01,140
1714000018350000000,level,S,100.11,280
1714000018400000000,trade,B,100.07,90
1714000018450000000,clear,,,
1714000018450000000,level,B,100.04,160
1714000018450000000,level,S,100.06,350
1714000018450000000,level,B,100.03,170
1714000018450000000,level,S,100.07,160
1714000018450000000,level,B,100.02,40
1714000018450000000,level,S,100.08,110
1714000018450000000,level,B,100.01,230
1714000018450000000,level,S,100.09,230
1714000018450000000,level,B,100.00,270
1714000018450000000,level,S,100.10,60
1714000018500000000,clear,,,
1714000018500000000,level,B,100.05,90
1714000018500000000,level,S,100.07,90
1714000018500000000,level,B,100.04,320
1714000018500000000,level,S,100.08,310
1714000018500000000,level,B,100.03,160
1714000018500000000,level,S,100.09,160
1714000018500000000,level,B,100.02,10
1714000018500000000,level,S,100.10,330
1714000018500000000,level,B,100.01,290
1714000018500000000,level,S,100.11,90
1714000018550000000,trade,S,100.05,30
1714000018600000000,trade,B,100.07,90
1714000018650000000,trade,B,100.07,80
1714000018700000000,trade,S,100.05,50
1714000018750000000,clear,,,
1714000018750000000,level,B,100.06,140
1714000018750000000,level,S,100.08,30
1714000018750000000,level,B,100.05,40
1714000018750000000,level,S,100.09,180
1714000018750000000,level,B,100.04,200
1714000018750000000,level,S,100.10,130
1714000018750000000,level,B,100.03,80
1714000018750000000,level,S,100.11,200
1714000018750000000,level,B,100.02,290
1714000018750000000,level,S,100.12,80
1714000018800000000,clear,,,
1714000018800000000,level,B,100.07,300
1714000018800000000,level,S,100.09,370
1714000018800000000,level,B,100.06,240
1714000018800000000,level,S,100.10,190
1714000018800000000,level,B,100.05,110
1714000018800000000,level,S,100.11,360
1714000018800000000,level,B,100.04,50
1714000018800000000,level,S,100.12,30
1714000018800000000,level,B,100.03,10
1714000018800000000,level,S,100.13,300
1714000018850000000,trade,S,100.06,100
1714000018900000000,clear,,,
1714000018900000000,level,B,100.08,280
1714000018900000000,level,S,100.10,320
1714000018900000000,level,B,100.07,130
1714000018900000000,level,S,100.11,350
1714000018900000000,level,B,100.06,210
1714000018900000000,level,S,100.12,10
1714000018900000000,level,B,100.05,230
1714000018900000000,level,S,100.13,60
1714000018900000000,level,B,100.04,190
1714000018900000000,level,S,100.14,400
1714000018950000000,trade,S,100.07,10
1714000019000000000,clear,,,
1714000019000000000,level,B,100.09,100
1714000019000000000,level,S,100.11,190
1714000019000000000,level,B,100.08,240
1714000019000000000,level,S,100.12,120
1714000019000000000,level,B,100.07,340
1714000019000000000,level,S,100.13,110
1714000019000000000,level,B,100.06,70
1714000019000000000,level,S,100.14,200
1714000019000000000,level,B,100.05,400
1714000019000000000,level,S,100.15,210
1714000019050000000,trade,S,100.09,90
1714000019100000000,trade,S,100.07,100
1714000019150000000,trade,S,100.09,80
1714000019200000000,trade,B,100.11,20
1714000019250000000,clear,,,
1714000019250000000,level,B,100.08,110
1714000019250000000,level,S,100.10,90
1714000019250000000,level,B,100.07,290
1714000019250000000,level,S,100.11,260
1714000019250000000,level,B,100.06,60
1714000019250000000,level,S,100.12,30
1714000019250000000,level,B,100.05,290
1714000019250000000,level,S,100.13,310
1714000019250000000,level,B,100.04,130
1714000019250000000,level,S,100.14,140
1714000019300000000,trade,B,100.11,90
1714000019350000000,trade,S,100.06,70
1714000019400000000,trade,B,100.10,30
1714000019450000000,trade,B,100.11,100
1714000019500000000,trade,B,100.10,90
1714000019550000000,trade,B,100.10,100
1714000019600000000,clear,,,
1714000019600000000,level,B,100.07,220
1714000019600000000,level,S,100.09,390
1714000019600000000,level,B,100.06,200
1714000019600000000,level,S,100.10,370
1714000019600000000,level,B,100.05,370
1714000019600000000,level,S,100.11,270
1714000019600000000,level,B,100.04,240
1714000019600000000,level,S,100.12,310
1714000019600000000,level,B,100.03,90
1714000019600000000,level,S,100.13,200
1714000019650000000,trade,B,100.09,80
1714000019700000000,trade,B,100.09,100
1714000019750000000,trade,S,100.07,70
1714000019800000000,clear,,,
1714000019800000000,level,B,100.06,120
1714000019800000000,level,S,100.08,130
1714000019800000000,level,B,100.05,360
1714000019800000000,level,S,100.09,80
1714000019800000000,level,B,100.04,150
1714000019800000000,level,S,100.10,170
1714000019800000000,level,B,100.03,70
1714000019800000000,level,S,100.11,130
1714000019800000000,level,B,100.02,340
1714000019800000000,level,S,100.12,170
1714000019850000000,trade,B,100.08,100
1714000019900000000,trade,B,100.08,80
1714000019950000000,clear,,,
1714000019950000000,level,B,100.05,330
1714000019950000000,level,S,100.07,70
1714000019950000000,level,B,100.04,300
1714000019950000000,level,S,100.08,260
1714000019950000000,level,B,100.03,350
1714000019950000000,level,S,100.09,110
1714000019950000000,level,B,100.02,130
1714000019950000000,level,S,100.10,370
1714000019950000000,level,B,100.01,310
1714000019950000000,level,S,100.11,60
1714000020000000000,clear,,,
1714000020000000000,level,B,100.04,260
1714000020000000000,level,S,100.06,160
1714000020000000000,level,B,100.03,40
1714000020000000000,level,S,100.07,240
1714000020000000000,level,B,100.02,30
1714000020000000000,level,S,100.08,10
1714000020000000000,level,B,100.01,390
1714000020000000000,level,S,100.09,140
1714000020000000000,level,B,100.00,300
1714000020000000000,level,S,100.10,200
1714000020050000000,clear,,,
1714000020050000000,level,B,100.03,280
1714000020050000000,level,S,100.05,60
1714000020050000000,level,B,100.02,400
1714000020050000000,level,S,100.06,130
1714000020050000000,level,B,100.01,370
1714000020050000000,level,S,100.07,80
1714000020050000000,level,B,100.00,230
1714000020050000000,level,S,100.08,110
1714000020050000000,level,B,99.99,240
1714000020050000000,level,S,100.09,220
1714000020100000000,trade,B,100.05,60
1714000020150000000,trade,S,100.02,100
1714000020200000000,trade,S,100.03,20
1714000020250000000,clear,,,
1714000020250000000,level,B,100.02,170
1714000020250000000,level,S,100.04,230
1714000020250000000,level,B,100.01,130
1714000020250000000,level,S,100.05,290
1714000020250000000,level,B,100.00,20
1714000020250000000,level,S,100.06,380
1714000020250000000,level,B,99.99,290
1714000020250000000,level,S,100.07,80
1714000020250000000,level,B,99.98,20
1714000020250000000,level,S,100.08,320
1714000020300000000,clear,,,
1714000020300000000,level,B,100.03,120
1714000020300000000,level,S,100.05,100
1714000020300000000,level,B,100.02,360
1714000020300000000,level,S,100.06,190
1714000020300000000,level,B,100.01,250
1714000020300000000,level,S,100.07,100
1714000020300000000,level,B,100.00,380
1714000020300000000,level,S,100.08,170
1714000020300000000,level,B,99.99,350
1714000020300000000,level,S,100.09,180
1714000020350000000,trade,B,100.06,80
1714000020400000000,trade,B,100.06,30
1714000020450000000,trade,S,100.03,80
1714000020500000000,trade,B,100.05,50
1714000020550000000,trade,B,100.06,80
1714000020600000000,trade,S,100.03,10
1714000020650000000,trade,S,100.02,80
1714000020700000000,trade,B,100.05,30
1714000020750000000,clear,,,
1714000020750000000,level,B,100.04,50
1714000020750000000,level,S,100.06,330
1714000020750000000,level,B,100.03,170
1714000020750000000,level,S,100.07,230
1714000020750000000,level,B,100.02,370
1714000020750000000,level,S,100.08,370
1714000020750000000,level,B,100.01,340
1714000020750000000,level,S,100.09,380
1714000020750000000,level,B,100.00,90
1714000020750000000,level,S,100.10,30
1714000020800000000,trade,B,100.06,100
1714000020850000000,trade,S,100.04,40
1714000020900000000,trade,B,100.06,60
1714000020950000000,trade,B,100.06,70
1714000021000000000,trade,S,100.04,80
1714000021050000000,trade,B,100.06,30
1714000021100000000,clear,,,
1714000021100000000,level,B,100.03,300
1714000021100000000,level,S,100.05,260
1714000021100000000,level,B,100.02,290
1714000021100000000,level,S,100.06,260
1714000021100000000,level,B,100.01,370
1714000021100000000,level,S,100.07,200
1714000021100000000,level,B,100.00,110
1714000021100000000,level,S,100.08,380
1714000021100000000,level,B,99.99,50
1714000021100000000,level,S,100.09,100
1714000021150000000,trade,S,100.03,60
1714000021200000000,clear,,,
1714000021200000000,level,B,100.02,380
1714000021200000000,level,S,100.04,60
1714000021200000000,level,B,100.01,380
1714000021200000000,level,S,100.05,120
1714000021200000000,level,B,100.00,200
1714000021200000000,level,S,100.06,380
1714000021200000000,level,B,99.99,230
1714000021200000000,level,S,100.07,300
1714000021200000000,level,B,99.98,230
1714000021200000000,level,S,100.08,280
1714000021250000000,trade,B,100.04,30
1714000021300000000,clear,,,
1714000021300000000,level,B,100.03,350
1714000021300000000,level,S,100.05,20
1714000021300000000,level,B,100.02,110
1714000021300000000,level,S,100.06,180
1714000021300000000,level,B,100.01,160
1714000021300000000,level,S,100.07,20
1714000021300000000,level,B,100.00,140
1714000021300000000,level,S,100.08,40
1714000021300000000,level,B,99.99,260
1714000021300000000,level,S,100.09,290
1714000021350000000,clear,,,
1714000021350000000,level,B,100.04,330
1714000021350000000,level,S,100.06,70
1714000021350000000,level,B,100.03,130
1714000021350000000,level,S,100.07,160
1714000021350000000,level,B,100.02,40
1714000021350000000,level,S,100.08,90
1714000021350000000,level,B,100.01,390
1714000021350000000,level,S,100.09,40
1714000021350000000,level,B,100.00,60
1714000021350000000,level,S,100.10,50
1714000021400000000,trade,S,100.03,50
1714000021450000000,trade,B,100.06,40
1714000021500000000,trade,B,100.06,60
1714000021550000000,clear,,,
1714000021550000000,level,B,100.05,30
1714000021550000000,level,S,100.07,60
1714000021550000000,level,B,100.04,400
1714000021550000000,level,S,100.08,220
1714000021550000000,level,B,100.03,320
1714000021550000000,level,S,100.09,390
1714000021550000000,level,B,100.02,260
1714000021550000000,level,S,100.10,170
1714000021550000000,level,B,100.01,300
1714000021550000000,level,S,100.11,10
1714000021600000000,clear,,,
1714000021600000000,level,B,100.06,370
1714000021600000000,level,S,100.08,210
1714000021600000000,level,B,100.05,40
1714000021600000000,level,S,100.09,270
1714000021600000000,level,B,100.04,400
1714000021600000000,level,S,100.10,220
1714000021600000000,level,B,100.03,110
1714000021600000000,level,S,100.11,60
1714000021600000000,level,B,100.02,20
1714000021600000000,level,S,100.12,100
1714000021650000000,clear,,,
1714000021650000000,level,B,100.05,230
1714000021650000000,level,S,100.07,240
1714000021650000000,level,B,100.04,280
1714000021650000000,level,S,100.08,230
1714000021650000000,level,B,100.03,350
1714000021650000000,level,S,100.09,380
1714000021650000000,level,B,100.02,360
1714000021650000000,level,S,100.10,100
1714000021650000000,level,B,100.01,390
1714000021650000000,level,S,100.11,370
1714000021700000000,trade,S,100.05,10
1714000021750000000,trade,S,100.05,80
1714000021800000000,trade,S,100.05,30
1714000021850000000,clear,,,
1714000021850000000,level,B,100.06,70
1714000021850000000,level,S,100.08,240
1714000021850000000,level,B,100.05,100
1714000021850000000,level,S,100.09,150
1714000021850000000,level,B,100.04,260
1714000021850000000,level,S,100.10,60
1714000021850000000,level,B,100.03,20
1714000021850000000,level,S,100.11,400
1714000021850000000,level,B,100.02,90
1714000021850000000,level,S,100.12,80
1714000021900000000,clear,,,
1714000021900000000,level,B,100.05,360
1714000021900000000,level,S,100.07,120
1714000021900000000,level,B,100.04,170
1714000021900000000,level,S,100.08,390
1714000021900000000,level,B,100.03,240
1714000021900000000,level,S,100.09,100
1714000021900000000,level,B,100.02,120
1714000021900000000,level,S,100.10,110
1714000021900000000,level,B,100.01,340
1714000021900000000,level,S,100.11,20
1714000021950000000,trade,B,100.07,40
1714000022000000000,trade,S,100.05,40
1714000022050000000,trade,B,100.08,20
1714000022100000000,trade,S,100.05,40
1714000022150000000,trade,S,100.05,40
1714000022200000000,clear,,,
1714000022200000000,level,B,100.04,170
1714000022200000000,level,S,100.06,280
1714000022200000000,level,B,100.03,160
1714000022200000000,level,S,100.07,150
1714000022200000000,level,B,100.02,230
1714000022200000000,level,S,100.08,140
1714000022200000000,level,B,100.01,210
1714000022200000000,level,S,100.09,280
1714000022200000000,level,B,100.00,180
1714000022200000000,level,S,100.10,200
1714000022250000000,trade,S,100.03,30
1714000022300000000,trade,S,100.04,50
1714000022350000000,clear,,,
1714000022350000000,level,B,100.05,10
1714000022350000000,level,S,100.07,320
1714000022350000000,level,B,100.04,160
1714000022350000000,level,S,100.08,110
1714000022350000000,level,B,100.03,210
1714000022350000000,level,S,100.09,400
1714000022350000000,level,B,100.02,390
1714000022350000000,level,S,100.10,290
1714000022350000000,level,B,100.01,140
1714000022350000000,level,S,100.11,380
1714000022400000000,clear,,,
1714000022400000000,level,B,100.04,240
1714000022400000000,level,S,100.06,30
1714000022400000000,level,B,100.03,290
1714000022400000000,level,S,100.07,120
1714000022400000000,level,B,100.02,280
1714000022400000000,level,S,100.08,90
1714000022400000000,level,B,100.01,200
1714000022400000000,level,S,100.09,20
1714000022400000000,level,B,100.00,80
1714000022400000000,level,S,100.10,100
1714000022450000000,trade,B,100.07,90
1714000022500000000,trade,B,100.06,70
1714000022550000000,clear,,,
1714000022550000000,level,B,100.05,260
1714000022550000000,level,S,100.07,220
1714000022550000000,level,B,100.04,30
1714000022550000000,level,S,100.08,380
1714000022550000000,level,B,100.03,160
1714000022550000000,level,S,100.09,130
1714000022550000000,level,B,100.02,10
1714000022550000000,level,S,100.10,30
1714000022550000000,level,B,100.01,90
1714000022550000000,level,S,100.11,330
1714000022600000000,trade,S,100.05,10
1714000022650000000,trade,S,100.04,80
1714000022700000000,trade,S,100.04,90
1714000022750000000,clear,,,
1714000022750000000,level,B,100.04,340
1714000022750000000,level,S,100.06,230
1714000022750000000,level,B,100.03,320
1714000022750000000,level,S,100.07,50
1714000022750000000,level,B,100.02,230
1714000022750000000,level,S,100.08,140
1714000022750000000,level,B,100.01,150
1714000022750000000,level,S,100.09,50
1714000022750000000,level,B,100.00,180
1714000022750000000,level,S,100.10,120
1714000022800000000,clear,,,
1714000022800000000,level,B,100.05,50
1714000022800000000,level,S,100.07,30
1714000022800000000,level,B,100.04,130
1714000022800000000,level,S,100.08,330
1714000022800000000,level,B,100.03,40
1714000022800000000,level,S,100.09,270
1714000022800000000,level,B,100.02,360
1714000022800000000,level,S,100.10,240
1714000022800000000,level,B,100.01,180
1714000022800000000,level,S,100.11,10
1714000022850000000,trade,B,100.07,90
1714000022900000000,trade,S,100.05,50
1714000022950000000,trade,S,100.05,30
1714000023000000000,trade,S,100.05,10
1714000023050000000,clear,,,
1714000023050000000,level,B,100.06,400
1714000023050000000,level,S,100.08,250
1714000023050000000,level,B,100.05,160
1714000023050000000,level,S,100.09,130
1714000023050000000,level,B,100.04,80
1714000023050000000,level,S,100.10,60
1714000023050000000,level,B,100.03,400
1714000023050000000,level,S,100.11,30
1714000023050000000,level,B,100.02,40
1714000023050000000,level,S,100.12,260
1714000023100000000,trade,S,100.06,60
1714000023150000000,trade,B,100.08,80
1714000023200000000,trade,S,100.05,70
1714000023250000000,trade,B,100.08,100
1714000023300000000,trade,S,100.05,40
1714000023350000000,trade,S,100.06,60
1714000023400000000,trade,S,100.06,20
1714000023450000000,trade,S,100.06,60
1714000023500000000,clear,,,
1714000023500000000,level,B,100.05,100
1714000023500000000,level,S,100.07,300
1714000023500000000,level,B,100.04,120
1714000023500000000,level,S,100.08,30
1714000023500000000,level,B,100.03,210
1714000023500000000,level,S,100.09,250
1714000023500000000,level,B,100.02,240
1714000023500000000,level,S,100.10,280
1714000023500000000,level,B,100.01,80
1714000023500000000,level,S,100.11,270
1714000023550000000,clear,,,
1714000023550000000,level,B,100.06,250
1714000023550000000,level,S,100.08,70
1714000023550000000,level,B,100.05,240
1714000023550000000,level,S,100.09,230
1714000023550000000,level,B,100.04,340
1714000023550000000,level,S,100.10,340
1714000023550000000,level,B,100.03,200
1714000023550000000,level,S,100.11,290
1714000023550000000,level,B,100.02,60
1714000023550000000,level,S,100.12,180
1714000023600000000,trade,S,100.06,80
1714000023650000000,trade,B,100.08,30
1714000023700000000,trade,B,100.08,70
1714000023750000000,clear,,,
1714000023750000000,level,B,100.05,10
1714000023750000000,level,S,100.07,370
1714000023750000000,level,B,100.04,170
1714000023750000000,level,S,100.08,40
1714000023750000000,level,B,100.03,380
1714000023750000000,level,S,100.09,120
1714000023750000000,level,B,100.02,200
1714000023750000000,level,S,100.10,350
1714000023750000000,level,B,100.01,180
1714000023750000000,level,S,100.11,210
1714000023800000000,clear,,,
1714000023800000000,level,B,100.06,290
1714000023800000000,level,S,100.08,60
1714000023800000000,level,B,100.05,340
1714000023800000000,level,S,100.09,320
1714000023800000000,level,B,100.04,60
1714000023800000000,level,S,100.10,130
1714000023800000000,level,B,100.03,90
1714000023800000000,level,S,100.11,280
1714000023800000000,level,B,100.02,190
1714000023800000000,level,S,100.12,400
1714000023850000000,trade,B,100.08,10
1714000023900000000,trade,S,100.06,100
1714000023950000000,trade,S,100.05,30
1714000024000000000,trade,B,100.08,100
1714000024050000000,trade,B,100.09,80
1714000024100000000,trade,S,100.06,10
1714000024150000000,clear,,,
1714000024150000000,level,B,100.07,300
1714000024150000000,level,S,100.09,280
1714000024150000000,level,B,100.06,270
1714000024150000000,level,S,100.10,310
1714000024150000000,level,B,100.05,120
1714000024150000000,level,S,100.11,50
1714000024150000000,level,B,100.04,290
1714000024150000000,level,S,100.12,260
1714000024150000000,level,B,100.03,320
1714000024150000000,level,S,100.13,90
1714000024200000000,trade,B,100.09,70
1714000024250000000,trade,S,100.07,80
1714000024300000000,clear,,,
1714000024300000000,level,B,100.06,50
1714000024300000000,level,S,100.08,370
1714000024300000000,level,B,100.05,10
1714000024300000000,level,S,100.09,70
1714000024300000000,level,B,100.04,320
1714000024300000000,level,S,100.10,60
1714000024300000000,level,B,100.03,140
1714000024300000000,level,S,100.11,370
1714000024300000000,level,B,100.02,300
1714000024300000000,level,S,100.12,40
1714000024350000000,trade,B,100.08,10
1714000024400000000,trade,S,100.06,70
1714000024450000000,trade,B,100.08,10
1714000024500000000,clear,,,
1714000024500000000,level,B,100.07,340
1714000024500000000,level,S,100.09,170
1714000024500000000,level,B,100.06,60
1714000024500000000,level,S,100.10,210
1714000024500000000,level,B,100.05,250
1714000024500000000,level,S,100.11,170
1714000024500000000,level,B,100.04,200
1714000024500000000,level,S,100.12,360
1714000024500000000,level,B,100.03,260
1714000024500000000,level,S,100.13,330
1714000024550000000,trade,B,100.09,70
1714000024600000000,trade,S,100.07,40
1714000024650000000,trade,S,100.07,100
1714000024700000000,clear,,,
1714000024700000000,level,B,100.08,130
1714000024700000000,level,S,100.10,300
1714000024700000000,level,B,100.07,360
1714000024700000000,level,S,100.11,40
1714000024700000000,level,B,100.06,210
1714000024700000000,level,S,100.12,10
1714000024700000000,level,B,100.05,350
1714000024700000000,level,S,100.13,50
1714000024700000000,level,B,100.04,270
1714000024700000000,level,S,100.14,370
1714000024750000000,trade,B,100.10,50
1714000024800000000,clear,,,
1714000024800000000,level,B,100.07,380
1714000024800000000,level,S,100.09,400
1714000024800000000,level,B,100.06,300
1714000024800000000,level,S,100.10,260
1714000024800000000,level,B,100.05,290
1714000024800000000,level,S,100.11,140
1714000024800000000,level,B,100.04,140
1714000024800000000,level,S,100.12,40
1714000024800000000,level,B,100.03,120
1714000024800000000,level,S,100.13,280
1714000024850000000,trade,B,100.10,20
1714000024900000000,trade,S,100.06,90
1714000024950000000,trade,B,100.09,50
1714000025000000000,trade,B,100.10,40
1714000025050000000,trade,S,100.06,10
1714000025100000000,trade,S,100.07,70
1714000025150000000,clear,,,
1714000025150000000,level,B,100.06,90
1714000025150000000,level,S,100.08,30
1714000025150000000,level,B,100.05,110
1714000025150000000,level,S,100.09,290
1714000025150000000,level,B,100.04,190
1714000025150000000,level,S,100.10,150
1714000025150000000,level,B,100.03,380
1714000025150000000,level,S,100.11,210
1714000025150000000,level,B,100.02,360
1714000025150000000,level,S,100.12,100
1714000025200000000,trade,S,100.06,30
1714000025250000000,trade,B,100.09,70
1714000025300000000,clear,,,
1714000025300000000,level,B,100.07,150
1714000025300000000,level,S,100.09,350
1714000025300000000,level,B,100.06,60
1714000025300000000,level,S,100.10,130
1714000025300000000,level,B,100.05,300
1714000025300000000,level,S,100.11,100
1714000025300000000,level,B,100.04,120
1714000025300000000,level,S,100.12,280
1714000025300000000,level,B,100.03,220
1714000025300000000,level,S,100.13,260
1714000025350000000,clear,,,
1714000025350000000,level,B,100.08,80
1714000025350000000,level,S,100.10,140
1714000025350000000,level,B,100.07,340
1714000025350000000,level,S,100.11,340
1714000025350000000,level,B,100.06,50
1714000025350000000,level,S,100.12,190
1714000025350000000,level,B,100.05,320
1714000025350000000,level,S,100.13,230
1714000025350000000,level,B,100.04,20
1714000025350000000,level,S,100.14,320
1714000025400000000,trade,B,100.11,50
1714000025450000000,trade,B,100.11,40
1714000025500000000,trade,S,100.07,10
1714000025550000000,trade,B,100.11,60
1714000025600000000,trade,S,100.07,30
1714000025650000000,clear,,,
1714000025650000000,level,B,100.09,50
1714000025650000000,level,S,100.11,360
1714000025650000000,level,B,100.08,300
1714000025650000000,level,S,100.12,70
1714000025650000000,level,B,100.07,360
1714000025650000000,level,S,100.13,80
1714000025650000000,level,B,100.06,110
1714000025650000000,level,S,100.14,390
1714000025650000000,level,B,100.05,260
1714000025650000000,level,S,100.15,300
1714000025700000000,clear,,,
1714000025700000000,level,B,100.08,330
1714000025700000000,level,S,100.10,380
1714000025700000000,level,B,100.07,70
1714000025700000000,level,S,100.11,270
1714000025700000000,level,B,100.06,90
1714000025700000000,level,S,100.12,270
1714000025700000000,level,B,100.05,370
1714000025700000000,level,S,100.13,230
1714000025700000000,level,B,100.04,50
1714000025700000000,level,S,100.14,240
1714000025750000000,trade,B,100.10,20
1714000025800000000,trade,S,100.08,20
1714000025850000000,trade,B,100.11,90
1714000025900000000,clear,,,
1714000025900000000,level,B,100.09,160
1714000025900000000,level,S,100.11,110
1714000025900000000,level,B,100.08,370
1714000025900000000,level,S,100.12,350
1714000025900000000,level,B,100.07,30
1714000025900000000,level,S,100.13,330
1714000025900000000,level,B,100.06,170
1714000025900000000,level,S,100.14,240
1714000025900000000,level,B,100.05,130
1714000025900000000,level,S,100.15,190
1714000025950000000,trade,B,100.11,90
1714000026000000000,trade,B,100.12,80
1714000026050000000,trade,B,100.11,30
1714000026100000000,clear,,,
1714000026100000000,level,B,100.10,20
1714000026100000000,level,S,100.12,280
1714000026100000000,level,B,100.09,260
1714000026100000000,level,S,100.13,400
1714000026100000000,level,B,100.08,340
1714000026100000000,level,S,100.14,80
1714000026100000000,level,B,100.07,190
1714000026100000000,level,S,100.15,370
1714000026100000000,level,B,100.06,80
1714000026100000000,level,S,100.16,60
1714000026150000000,trade,B,100.13,90
1714000026200000000,trade,B,100.13,60
1714000026250000000,trade,B,100.13,30
1714000026300000000,trade,S,100.09,100
1714000026350000000,trade,B,100.12,70
1714000026400000000,clear,,,
1714000026400000000,level,B,100.09,100
1714000026400000000,level,S,100.11,330
1714000026400000000,level,B,100.08,110
1714000026400000000,level,S,100.12,100
1714000026400000000,level,B,100.07,230
1714000026400000000,level,S,100.13,90
1714000026400000000,level,B,100.06,140
1714000026400000000,level,S,100.14,130
1714000026400000000,level,B,100.05,150
1714000026400000000,level,S,100.15,220
1714000026450000000,trade,B,100.11,80
1714000026500000000,clear,,,
1714000026500000000,level,B,100.10,50
1714000026500000000,level,S,100.12,390
1714000026500000000,level,B,100.09,50
1714000026500000000,level,S,100.13,130
1714000026500000000,level,B,100.08,40
1714000026500000000,level,S,100.14,240
1714000026500000000,level,B,100.07,270
1714000026500000000,level,S,100.15,60
1714000026500000000,level,B,100.06,230
1714000026500000000,level,S,100.16,380
1714000026550000000,clear,,,
1714000026550000000,level,B,100.11,320
1714000026550000000,level,S,100.13,90
1714000026550000000,level,B,100.10,170
1714000026550000000,level,S,100.14,200
1714000026550000000,level,B,100.09,40
1714000026550000000,level,S,100.15,300
1714000026550000000,level,B,100.08,380
1714000026550000000,level,S,100.16,110
1714000026550000000,level,B,100.07,280
1714000026550000000,level,S,100.17,250
1714000026600000000,trade,S,100.11,20
1714000026650000000,clear,,,
1714000026650000000,level,B,100.12,150
1714000026650000000,level,S,100.14,160
1714000026650000000,level,B,100.11,130
1714000026650000000,level,S,100.15,380
1714000026650000000,level,B,100.10,300
1714000026650000000,level,S,100.16,360
1714000026650000000,level,B,100.09,160
1714000026650000000,level,S,100.17,320
1714000026650000000,level,B,100.08,370
1714000026650000000,level,S,100.18,40
1714000026700000000,trade,S,100.12,60
1714000026750000000,trade,S,100.12,60
1714000026800000000,trade,S,100.11,80
1714000026850000000,trade,B,100.14,70
1714000026900000000,trade,S,100.11,20
1714000026950000000,trade,S,100.12,20
1714000027000000000,trade,B,100.14,90
1714000027050000000,trade,B,100.15,70
1714000027100000000,trade,B,100.14,30
1714000027150000000,trade,B,100.14,70
1714000027200000000,trade,S,100.12,100
1714000027250000000,clear,,,
1714000027250000000,level,B,100.11,260
1714000027250000000,level,S,100.13,340
1714000027250000000,level,B,100.10,10
1714000027250000000,level,S,100.14,10
1714000027250000000,level,B,100.09,120
1714000027250000000,level,S,100.15,70
1714000027250000000,level,B,100.08,160
1714000027250000000,level,S,100.16,300
1714000027250000000,level,B,100.07,370
1714000027250000000,level,S,100.17,170
1714000027300000000,trade,B,100.13,90
1714000027350000000,trade,B,100.13,70
1714000027400000000,clear,,,
1714000027400000000,level,B,100.12,290
1714000027400000000,level,S,100.14,180
1714000027400000000,level,B,100.11,190
1714000027400000000,level,S,100.15,240
1714000027400000000,level,B,100.10,200
1714000027400000000,level,S,100.16,250
1714000027400000000,level,B,100.09,340
1714000027400000000,level,S,100.17,40
1714000027400000000,level,B,100.08,320
1714000027400000000,level,S,100.18,320
1714000027450000000,trade,B,100.15,20
1714000027500000000,trade,S,100.12,30
1714000027550000000,trade,S,100.11,30
1714000027600000000,clear,,,
1714000027600000000,level,B,100.13,100
1714000027600000000,level,S,100.15,130
1714000027600000000,level,B,100.12,380
1714000027600000000,level,S,100.16,370
1714000027600000000,level,B,100.11,330
1714000027600000000,level,S,100.17,30
1714000027600000000,level,B,100.10,260
1714000027600000000,level,S,100.18,120
1714000027600000000,level,B,100.09,380
1714000027600000000,level,S,100.19,180
1714000027650000000,trade,B,100.15,70
1714000027700000000,trade,S,100.13,70
1714000027750000000,trade,S,100.13,30
1714000027800000000,trade,S,100.13,60
1714000027850000000,trade,B,100.15,30
1714000027900000000,trade,B,100.15,100
1714000027950000000,clear,,,
1714000027950000000,level,B,100.14,240
1714000027950000000,level,S,100.16,120
1714000027950000000,level,B,100.13,180
1714000027950000000,level,S,100.17,200
1714000027950000000,level,B,100.12,310
1714000027950000000,level,S,100.18,130
1714000027950000000,level,B,100.11,400
1714000027950000000,level,S,100.19,210
1714000027950000000,level,B,100.10,290
1714000027950000000,level,S,100.20,260
1714000028000000000,clear,,,
1714000028000000000,level,B,100.15,240
1714000028000000000,level,S,100.17,260
1714000028000000000,level,B,100.14,210
1714000028000000000,level,S,100.18,250
1714000028000000000,level,B,100.13,310
1714000028000000000,level,S,100.19,180
1714000028000000000,level,B,100.12,80
1714000028000000000,level,S,100.20,140
1714000028000000000,level,B,100.11,400
1714000028000000000,level,S,100.21,290
1714000028050000000,trade,S,100.15,60
1714000028100000000,clear,,,
1714000028100000000,level,B,100.16,350
1714000028100000000,level,S,100.18,310
1714000028100000000,level,B,100.15,360
1714000028100000000,level,S,100.19,270
1714000028100000000,level,B,100.14,50
1714000028100000000,level,S,100.20,180
1714000028100000000,level,B,100.13,260
1714000028100000000,level,S,100.21,240
1714000028100000000,level,B,100.12,260
1714000028100000000,level,S,100.22,340
1714000028150000000,trade,B,100.18,10
1714000028200000000,trade,S,100.16,50
1714000028250000000,trade,B,100.18,100
1714000028300000000,trade,S,100.16,50
1714000028350000000,clear,,,
1714000028350000000,level,B,100.15,80
1714000028350000000,level,S,100.17,260
1714000028350000000,level,B,100.14,260
1714000028350000000,level,S,100.18,220
1714000028350000000,level,B,100.13,260
1714000028350000000,level,S,100.19,260
1714000028350000000,level,B,100.12,320
1714000028350000000,level,S,100.20,220
1714000028350000000,level,B,100.11,230
1714000028350000000,level,S,100.21,120
1714000028400000000,trade,B,100.17,50
1714000028450000000,clear,,,
1714000028450000000,level,B,100.16,50
1714000028450000000,level,S,100.18,270
1714000028450000000,level,B,100.15,50
1714000028450000000,level,S,100.19,330
1714000028450000000,level,B,100.14,10
1714000028450000000,level,S,100.20,370
1714000028450000000,level,B,100.13,160
1714000028450000000,level,S,100.21,370
1714000028450000000,level,B,100.12,280
1714000028450000000,level,S,100.22,260
1714000028500000000,clear,,,
1714000028500000000,level,B,100.17,90
1714000028500000000,level,S,100.19,100
1714000028500000000,level,B,100.16,150
1714000028500000000,level,S,100.20,160
1714000028500000000,level,B,100.15,330
1714000028500000000,level,S,100.21,80
1714000028500000000,level,B,100.14,190
1714000028500000000,level,S,100.22,30
1714000028500000000,level,B,100.13,250
1714000028500000000,level,S,100.23,190
1714000028550000000,clear,,,
1714000028550000000,level,B,100.18,400
1714000028550000000,level,S,100.20,180
1714000028550000000,level,B,100.17,50
1714000028550000000,level,S,100.21,390
1714000028550000000,level,B,100.16,390
1714000028550000000,level,S,100.22,330
1714000028550000000,level,B,100.15,180
1714000028550000000,level,S,100.23,390
1714000028550000000,level,B,100.14,140
1714000028550000000,level,S,100.24,150
1714000028600000000,trade,S,100.18,20
1714000028650000000,trade,B,100.21,40
1714000028700000000,clear,,,
1714000028700000000,level,B,100.17,290
1714000028700000000,level,S,100.19,180
1714000028700000000,level,B,100.16,330
1714000028700000000,level,S,100.20,40
1714000028700000000,level,B,100.15,290
1714000028700000000,level,S,100.21,380
1714000028700000000,level,B,100.14,360
1714000028700000000,level,S,100.22,390
1714000028700000000,level,B,100.13,30
1714000028700000000,level,S,100.23,30
1714000028750000000,trade,S,100.16,60
1714000028800000000,trade,B,100.20,40
1714000028850000000,clear,,,
1714000028850000000,level,B,100.16,150
1714000028850000000,level,S,100.18,120
1714000028850000000,level,B,100.15,20
1714000028850000000,level,S,100.19,330
1714000028850000000,level,B,100.14,180
1714000028850000000,level,S,100.20,280
1714000028850000000,level,B,100.13,240
1714000028850000000,level,S,100.21,50
1714000028850000000,level,B,100.12,180
1714000028850000000,level,S,100.22,60
1714000028900000000,trade,S,100.16,70
1714000028950000000,clear,,,
1714000028950000000,level,B,100.15,240
1714000028950000000,level,S,100.17,350
1714000028950000000,level,B,100.14,220
1714000028950000000,level,S,100.18,170
1714000028950000000,level,B,100.13,50
1714000028950000000,level,S,100.19,310
1714000028950000000,level,B,100.12,370
1714000028950000000,level,S,100.20,90
1714000028950000000,level,B,100.11,280
1714000028950000000,level,S,100.21,300
1714000029000000000,trade,S,100.14,20
1714000029050000000,trade,S,100.14,90
1714000029100000000,clear,,,
1714000029100000000,level,B,100.14,130
1714000029100000000,level,S,100.16,170
1714000029100000000,level,B,100.13,130
1714000029100000000,level,S,100.17,360
1714000029100000000,level,B,100.12,190
1714000029100000000,level,S,100.18,20
1714000029100000000,level,B,100.11,400
1714000029100000000,level,S,100.19,20
1714000029100000000,level,B,100.10,50
1714000029100000000,level,S,100.20,230
1714000029150000000,clear,,,
1714000029150000000,level,B,100.13,350
1714000029150000000,level,S,100.15,170
1714000029150000000,level,B,100.12,360
1714000029150000000,level,S,100.16,230
1714000029150000000,level,B,100.11,110
1714000029150000000,level,S,100.17,370
1714000029150000000,level,B,100.10,210
1714000029150000000,level,S,100.18,230
1714000029150000000,level,B,100.09,200
1714000029150000000,level,S,100.19,70
1714000029200000000,clear,,,
1714000029200000000,level,B,100.12,230
1714000029200000000,level,S,100.14,270
1714000029200000000,level,B,100.11,20
1714000029200000000,level,S,100.15,300
1714000029200000000,level,B,100.10,70
1714000029200000000,level,S,100.16,220
1714000029200000000,level,B,100.09,70
1714000029200000000,level,S,100.17,100
1714000029200000000,level,B,100.08,240
1714000029200000000,level,S,100.18,310
1714000029250000000,trade,B,100.14,80
1714000029300000000,trade,B,100.14,50
1714000029350000000,trade,B,100.14,40
1714000029400000000,trade,S,100.12,30
1714000029450000000,trade,S,100.10,40
1714000029500000000,trade,S,100.11,20
1714000029550000000,trade,B,100.15,20
1714000029600000000,trade,S,100.12,80
1714000029650000000,trade,B,100.15,60
1714000029700000000,trade,B,100.15,40
1714000029750000000,trade,S,100.12,10
1714000029800000000,trade,B,100.14,40
1714000029850000000,trade,S,100.12,30
1714000029900000000,clear,,,
1714000029900000000,level,B,100.13,390
1714000029900000000,level,S,100.15,250
1714000029900000000,level,B,100.12,50
1714000029900000000,level,S,100.16,160
1714000029900000000,level,B,100.11,150
1714000029900000000,level,S,100.17,10
1714000029900000000,level,B,100.10,260
1714000029900000000,level,S,100.18,370
1714000029900000000,level,B,100.09,150
1714000029900000000,level,S,100.19,30
1714000029950000000,clear,,,
1714000029950000000,level,B,100.12,10
1714000029950000000,level,S,100.14,30
1714000029950000000,level,B,100.11,300
1714000029950000000,level,S,100.15,40
1714000029950000000,level,B,100.10,260
1714000029950000000,level,S,100.16,160
1714000029950000000,level,B,100.09,150
1714000029950000000,level,S,100.17,30
1714000029950000000,level,B,100.08,360
1714000029950000000,level,S,100.18,370
1714000030000000000,trade,S,100.11,80
1714000030050000000,trade,B,100.14,20
1714000030100000000,clear,,,
1714000030100000000,level,B,100.11,400
1714000030100000000,level,S,100.13,330
1714000030100000000,level,B,100.10,210
1714000030100000000,level,S,100.14,70
1714000030100000000,level,B,100.09,330
1714000030100000000,level,S,100.15,250
1714000030100000000,level,B,100.08,10
1714000030100000000,level,S,100.16,50
1714000030100000000,level,B,100.07,20
1714000030100000000,level,S,100.17,360
1714000030150000000,trade,B,100.13,100
1714000030200000000,trade,B,100.13,100
1714000030250000000,clear,,,
1714000030250000000,level,B,100.12,10
1714000030250000000,level,S,100.14,360
1714000030250000000,level,B,100.11,140
1714000030250000000,level,S,100.15,20
1714000030250000000,level,B,100.10,120
1714000030250000000,level,S,100.16,330
1714000030250000000,level,B,100.09,300
1714000030250000000,level,S,100.17,140
1714000030250000000,level,B,100.08,80
1714000030250000000,level,S,100.18,140
1714000030300000000,trade,B,100.14,90
1714000030350000000,trade,B,100.15,20
1714000030400000000,clear,,,
1714000030400000000,level,B,100.13,200
1714000030400000000,level,S,100.15,200
1714000030400000000,level,B,100.12,190
1714000030400000000,level,S,100.16,100
1714000030400000000,level,B,100.11,320
1714000030400000000,level,S,100.17,390
1714000030400000000,level,B,100.10,370
1714000030400000000,level,S,100.18,220
1714000030400000000,level,B,100.09,130
1714000030400000000,level,S,100.19,10
1714000030450000000,clear,,,
1714000030450000000,level,B,100.12,80
1714000030450000000,level,S,100.14,390
1714000030450000000,level,B,100.11,140
1714000030450000000,level,S,100.15,340
1714000030450000000,level,B,100.10,250
1714000030450000000,level,S,100.16,300
1714000030450000000,level,B,100.09,270
1714000030450000000,level,S,100.17,400
1714000030450000000,level,B,100.08,370
1714000030450000000,level,S,100.18,140
1714000030500000000,trade,B,100.14,10
1714000030550000000,trade,B,100.14,10
1714000030600000000,clear,,,
1714000030600000000,level,B,100.13,290
1714000030600000000,level,S,100.15,170
1714000030600000000,level,B,100.12,90
1714000030600000000,level,S,100.16,170
1714000030600000000,level,B,100.11,200
1714000030600000000,level,S,100.17,230
1714000030600000000,level,B,100.10,20
1714000030600000000,level,S,100.18,210
1714000030600000000,level,B,100.09,250
1714000030600000000,level,S,100.19,70
1714000030650000000,clear,,,
1714000030650000000,level,B,100.12,310
1714000030650000000,level,S,100.14,400
1714000030650000000,level,B,100.11,210
1714000030650000000,level,S,100.15,180
1714000030650000000,level,B,100.10,160
1714000030650000000,level,S,100.16,10
1714000030650000000,level,B,100.09,270
1714000030650000000,level,S,100.17,350
1714000030650000000,level,B,100.08,20
1714000030650000000,level,S,100.18,220
1714000030700000000,clear,,,
1714000030700000000,level,B,100.13,220
1714000030700000000,level,S,100.15,10
1714000030700000000,level,B,100.12,160
1714000030700000000,level,S,100.16,220
1714000030700000000,level,B,100.11,60
1714000030700000000,level,S,100.17,350
1714000030700000000,level,B,100.10,110
1714000030700000000,level,S,100.18,70
1714000030700000000,level,B,100.09,30
1714000030700000000,level,S,100.19,210
1714000030750000000,trade,S,100.13,80
1714000030800000000,clear,,,
1714000030800000000,level,B,100.12,350
1714000030800000000,level,S,100.14,160
1714000030800000000,level,B,100.11,270
1714000030800000000,level,S,100.15,340
1714000030800000000,level,B,100.10,60
1714000030800000000,level,S,100.16,140
1714000030800000000,level,B,100.09,140
1714000030800000000,level,S,100.17,190
1714000030800000000,level,B,100.08,10
1714000030800000000,level,S,100.18,170
1714000030850000000,trade,B,100.14,80
1714000030900000000,trade,B,100.14,70
1714000030950000000,clear,,,
1714000030950000000,level,B,100.13,20
1714000030950000000,level,S,100.15,60
1714000030950000000,level,B,100.12,140
1714000030950000000,level,S,100.16,170
1714000030950000000,level,B,100.11,400
1714000030950000000,level,S,100.17,380
1714000030950000000,level,B,100.10,100
1714000030950000000,level,S,100.18,50
1714000030950000000,level,B,100.09,390
1714000030950000000,level,S,100.19,50
1714000031000000000,trade,S,100.12,90
1714000031050000000,clear,,,
1714000031050000000,level,B,100.14,50
1714000031050000000,level,S,100.16,100
1714000031050000000,level,B,100.13,360
1714000031050000000,level,S,100.17,80
1714000031050000000,level,B,100.12,320
1714000031050000000,level,S,100.18,330
1714000031050000000,level,B,100.11,180
1714000031050000000,level,S,100.19,290
1714000031050000000,level,B,100.10,120
1714000031050000000,level,S,100.20,70
1714000031100000000,clear,,,
1714000031100000000,level,B,100.15,270
1714000031100000000,level,S,100.17,120
1714000031100000000,level,B,100.14,290
1714000031100000000,level,S,100.18,70
1714000031100000000,level,B,100.13,300
1714000031100000000,level,S,100.19,220
1714000031100000000,level,B,100.12,210
1714000031100000000,level,S,100.20,140
1714000031100000000,level,B,100.11,20
1714000031100000000,level,S,100.21,250
1714000031150000000,trade,B,100.18,60
1714000031200000000,trade,S,100.15,20
1714000031250000000,trade,B,100.17,50
1714000031300000000,trade,B,100.18,10
1714000031350000000,trade,B,100.17,20
1714000031400000000,clear,,,
1714000031400000000,level,B,100.16,90
1714000031400000000,level,S,100.18,230
1714000031400000000,level,B,100.15,240
1714000031400000000,level,S,100.19,350
1714000031400000000,level,B,100.14,120
1714000031400000000,level,S,100.20,90
1714000031400000000,level,B,100.13,240
1714000031400000000,level,S,100.21,170
1714000031400000000,level,B,100.12,240
1714000031400000000,level,S,100.22,240
1714000031450000000,clear,,,
1714000031450000000,level,B,100.15,160
1714000031450000000,level,S,100.17,110
1714000031450000000,level,B,100.14,190
1714000031450000000,level,S,100.18,250
1714000031450000000,level,B,100.13,20
1714000031450000000,level,S,100.19,150
1714000031450000000,level,B,100.12,130
1714000031450000000,level,S,100.20,150
1714000031450000000,level,B,100.11,250
1714000031450000000,level,S,100.21,240
1714000031500000000,clear,,,
1714000031500000000,level,B,100.16,170
1714000031500000000,level,S,100.18,10
1714000031500000000,level,B,100.15,40
1714000031500000000,level,S,100.19,70
1714000031500000000,level,B,100.14,250
1714000031500000000,level,S,100.20,240
1714000031500000000,level,B,100.13,160
1714000031500000000,level,S,100.21,190
1714000031500000000,level,B,100.12,20
1714000031500000000,level,S,100.22,310
1714000031550000000,trade,B,100.19,80
1714000031600000000,clear,,,
1714000031600000000,level,B,100.15,320
1714000031600000000,level,S,100.17,310
1714000031600000000,level,B,100.14,120
1714000031600000000,level,S,100.18,150
1714000031600000000,level,B,100.13,280
1714000031600000000,level,S,100.19,290
1714000031600000000,level,B,100.12,40
1714000031600000000,level,S,100.20,80
1714000031600000000,level,B,100.11,130
1714000031600000000,level,S,100.21,50
1714000031650000000,clear,,,
1714000031650000000,level,B,100.16,310
1714000031650000000,level,S,100.18,160
1714000031650000000,level,B,100.15,220
1714000031650000000,level,S,100.19,360
1714000031650000000,level,B,100.14,40
1714000031650000000,level,S,100.20,50
1714000031650000000,level,B,100.13,330
1714000031650000000,level,S,100.21,150
1714000031650000000,level,B,100.12,310
1714000031650000000,level,S,100.22,140
1714000031700000000,trade,S,100.15,90
1714000031750000000,clear,,,
1714000031750000000,level,B,100.15,330
1714000031750000000,level,S,100.17,210
1714000031750000000,level,B,100.14,140
1714000031750000000,level,S,100.18,70
1714000031750000000,level,B,100.13,60
1714000031750000000,level,S,100.19,310
1714000031750000000,level,B,100.12,170
1714000031750000000,level,S,100.20,300
1714000031750000000,level,B,100.11,300
1714000031750000000,level,S,100.21,90
1714000031800000000,clear,,,
1714000031800000000,level,B,100.16,210
1714000031800000000,level,S,100.18,70
1714000031800000000,level,B,100.15,140
1714000031800000000,level,S,100.19,180
1714000031800000000,level,B,100.14,240
1714000031800000000,level,S,100.20,50
1714000031800000000,level,B,100.13,80
1714000031800000000,level,S,100.21,310
1714000031800000000,level,B,100.12,310
1714000031800000000,level,S,100.22,170
1714000031850000000,clear,,,
1714000031850000000,level,B,100.15,330
1714000031850000000,level,S,100.17,20
1714000031850000000,level,B,100.14,310
1714000031850000000,level,S,100.18,30
1714000031850000000,level,B,100.13,350
1714000031850000000,level,S,100.19,150
1714000031850000000,level,B,100.12,320
1714000031850000000,level,S,100.20,390
1714000031850000000,level,B,100.11,90
1714000031850000000,level,S,100.21,240
1714000031900000000,clear,,,
1714000031900000000,level,B,100.16,30
1714000031900000000,level,S,100.18,240
1714000031900000000,level,B,100.15,120
1714000031900000000,level,S,100.19,150
1714000031900000000,level,B,100.14,20
1714000031900000000,level,S,100.20,390
1714000031900000000,level,B,100.13,300
1714000031900000000,level,S,100.21,60
1714000031900000000,level,B,100.12,290
1714000031900000000,level,S,100.22,140
1714000031950000000,trade,S,100.16,40
1714000032000000000,trade,S,100.16,70
1714000032050000000,clear,,,
1714000032050000000,level,B,100.15,10
1714000032050000000,level,S,100.17,240
1714000032050000000,level,B,100.14,310
1714000032050000000,level,S,100.18,150
1714000032050000000,level,B,100.13,50
1714000032050000000,level,S,100.19,310
1714000032050000000,level,B,100.12,240
1714000032050000000,level,S,100.20,330
1714000032050000000,level,B,100.11,320
1714000032050000000,level,S,100.21,140
1714000032100000000,trade,B,100.18,50
1714000032150000000,trade,S,100.15,60
1714000032200000000,clear,,,
1714000032200000000,level,B,100.14,220
1714000032200000000,level,S,100.16,270
1714000032200000000,level,B,100.13,20
1714000032200000000,level,S,100.17,370
1714000032200000000,level,B,100.12,240
1714000032200000000,level,S,100.18,110
1714000032200000000,level,B,100.11,160
1714000032200000000,level,S,100.19,10
1714000032200000000,level,B,100.10,100
1714000032200000000,level,S,100.20,390
1714000032250000000,trade,S,100.14,70
1714000032300000000,clear,,,
1714000032300000000,level,B,100.13,360
1714000032300000000,level,S,100.15,80
1714000032300000000,level,B,100.12,180
1714000032300000000,level,S,100.16,270
1714000032300000000,level,B,100.11,100
1714000032300000000,level,S,100.17,90
1714000032300000000,level,B,100.10,340
1714000032300000000,level,S,100.18,90
1714000032300000000,level,B,100.09,380
1714000032300000000,level,S,100.19,210
1714000032350000000,trade,B,100.16,20
1714000032400000000,trade,S,100.13,100
1714000032450000000,trade,B,100.15,70
1714000032500000000,clear,,,
1714000032500000000,level,B,100.14,70
1714000032500000000,level,S,100.16,20
1714000032500000000,level,B,100.13,190
1714000032500000000,level,S,100.17,50
1714000032500000000,level,B,100.12,190
1714000032500000000,level,S,100.18,120
1714000032500000000,level,B,100.11,90
1714000032500000000,level,S,100.19,270
1714000032500000000,level,B,100.10,50
1714000032500000000,level,S,100.20,340
1714000032550000000,trade,S,100.14,90
1714000032600000000,trade,S,100.13,100
1714000032650000000,trade,S,100.14,40
1714000032700000000,trade,S,100.14,50
1714000032750000000,trade,S,100.14,20
1714000032800000000,trade,B,100.16,60
1714000032850000000,trade,B,100.16,30
1714000032900000000,trade,S,100.14,70
1714000032950000000,clear,,,
1714000032950000000,level,B,100.13,350
1714000032950000000,level,S,100.15,270
1714000032950000000,level,B,100.12,260
1714000032950000000,level,S,100.16,90
1714000032950000000,level,B,100.11,150
1714000032950000000,level,S,100.17,240
1714000032950000000,level,B,100.10,240
1714000032950000000,level,S,100.18,250
1714000032950000000,level,B,100.09,320
1714000032950000000,level,S,100.19,240
1714000033000000000,clear,,,
1714000033000000000,level,B,100.12,140
1714000033000000000,level,S,100.14,180
1714000033000000000,level,B,100.11,80
1714000033000000000,level,S,100.15,30
1714000033000000000,level,B,100.10,330
1714000033000000000,level,S,100.16,90
1714000033000000000,level,B,100.09,260
1714000033000000000,level,S,100.17,400
1714000033000000000,level,B,100.08,270
1714000033000000000,level,S,100.18,50
1714000033050000000,trade,S,100.12,60
1714000033100000000,trade,S,100.12,10
1714000033150000000,trade,B,100.14,50
1714000033200000000,trade,B,100.14,40
1714000033250000000,trade,S,100.12,20
1714000033300000000,trade,B,100.16,90
1714000033350000000,trade,S,100.11,30
1714000033400000000,clear,,,
1714000033400000000,level,B,100.11,10
1714000033400000000,level,S,100.13,120
1714000033400000000,level,B,100.10,150
1714000033400000000,level,S,100.14,120
1714000033400000000,level,B,100.09,170
1714000033400000000,level,S,100.15,160
1714000033400000000,level,B,100.08,20
1714000033400000000,level,S,100.16,20
1714000033400000000,level,B,100.07,80
1714000033400000000,level,S,100.17,60
1714000033450000000,trade,B,100.14,90
1714000033500000000,trade,S,100.11,50
1714000033550000000,trade,B,100.13,20
1714000033600000000,trade,S,100.10,60
1714000033650000000,trade,S,100.10,90
1714000033700000000,trade,B,100.13,50
1714000033750000000,trade,B,100.14,80
1714000033800000000,clear,,,
1714000033800000000,level,B,100.10,130
1714000033800000000,level,S,100.12,290
1714000033800000000,level,B,100.09,300
1714000033800000000,level,S,100.13,150
1714000033800000000,level,B,100.08,400
1714000033800000000,level,S,100.14,60
1714000033800000000,level,B,100.07,310
1714000033800000000,level,S,100.15,370
1714000033800000000,level,B,100.06,280
1714000033800000000,level,S,100.16,90
1714000033850000000,clear,,,
1714000033850000000,level,B,100.09,70
1714000033850000000,level,S,100.11,300
1714000033850000000,level,B,100.08,160
1714000033850000000,level,S,100.12,170
1714000033850000000,level,B,100.07,330
1714000033850000000,level,S,100.13,280
1714000033850000000,level,B,100.06,340
1714000033850000000,level,S,100.14,350
1714000033850000000,level,B,100.05,220
1714000033850000000,level,S,100.15,40
1714000033900000000,clear,,,
1714000033900000000,level,B,100.08,150
1714000033900000000,level,S,100.10,330
1714000033900000000,level,B,100.07,190
1714000033900000000,level,S,100.11,140
1714000033900000000,level,B,100.06,300
1714000033900000000,level,S,100.12,400
1714000033900000000,level,B,100.05,130
1714000033900000000,level,S,100.13,120
1714000033900000000,level,B,100.04,140
1714000033900000000,level,S,100.14,200
1714000033950000000,trade,S,100.06,80
1714000034000000000,trade,S,100.08,50
1714000034050000000,clear,,,
1714000034050000000,level,B,100.09,60
1714000034050000000,level,S,100.11,190
1714000034050000000,level,B,100.08,40
1714000034050000000,level,S,100.12,210
1714000034050000000,level,B,100.07,330
1714000034050000000,level,S,100.13,160
1714000034050000000,level,B,100.06,100
1714000034050000000,level,S,100.14,120
1714000034050000000,level,B,100.05,160
1714000034050000000,level,S,100.15,300
1714000034100000000,clear,,,
1714000034100000000,level,B,100.10,80
1714000034100000000,level,S,100.12,330
1714000034100000000,level,B,100.09,340
1714000034100000000,level,S,100.13,240
1714000034100000000,level,B,100.08,310
1714000034100000000,level,S,100.14,340
1714000034100000000,level,B,100.07,200
1714000034100000000,level,S,100.15,50
1714000034100000000,level,B,100.06,70
1714000034100000000,level,S,100.16,50
1714000034150000000,trade,S,100.10,90
1714000034200000000,clear,,,
1714000034200000000,level,B,100.11,310
1714000034200000000,level,S,100.13,270
1714000034200000000,level,B,100.10,240
1714000034200000000,level,S,100.14,350
1714000034200000000,level,B,100.09,290
1714000034200000000,level,S,100.15,210
1714000034200000000,level,B,100.08,400
1714000034200000000,level,S,100.16,40
1714000034200000000,level,B,100.07,70
1714000034200000000,level,S,100.17,300
1714000034250000000,clear,,,
1714000034250000000,level,B,100.12,90
1714000034250000000,level,S,100.14,30
1714000034250000000,level,B,100.11,360
1714000034250000000,level,S,100.15,90
1714000034250000000,level,B,100.10,50
1714000034250000000,level,S,100.16,300
1714000034250000000,level,B,100.09,400
1714000034250000000,level,S,100.17,30
1714000034250000000,level,B,100.08,200
1714000034250000000,level,S,100.18,50
1714000034300000000,trade,S,100.12,70
1714000034350000000,trade,B,100.15,30
1714000034400000000,trade,B,100.14,100
1714000034450000000,trade,B,100.15,70
1714000034500000000,trade,S,100.11,90
1714000034550000000,clear,,,
1714000034550000000,level,B,100.13,250
1714000034550000000,level,S,100.15,310
1714000034550000000,level,B,100.12,150
1714000034550000000,level,S,100.16,120
1714000034550000000,level,B,100.11,390
1714000034550000000,level,S,100.17,190
1714000034550000000,level,B,100.10,300
1714000034550000000,level,S,100.18,260
1714000034550000000,level,B,100.09,130
1714000034550000000,level,S,100.19,90
1714000034600000000,trade,S,100.12,60
1714000034650000000,trade,B,100.15,30
1714000034700000000,trade,S,100.13,60
1714000034750000000,trade,S,100.11,40
1714000034800000000,trade,B,100.15,10
1714000034850000000,trade,S,100.12,50
1714000034900000000,trade,S,100.13,70
1714000034950000000,clear,,,
1714000034950000000,level,B,100.12,10
1714000034950000000,level,S,100.14,270
1714000034950000000,level,B,100.11,370
1714000034950000000,level,S,100.15,160
1714000034950000000,level,B,100.10,40
1714000034950000000,level,S,100.16,110
1714000034950000000,level,B,100.09,100
1714000034950000000,level,S,100.17,200
1714000034950000000,level,B,100.08,170
1714000034950000000,level,S,100.18,330
1714000035000000000,trade,S,100.12,40
1714000035050000000,trade,S,100.11,30
1714000035100000000,trade,B,100.14,90
1714000035150000000,trade,B,100.14,80
1714000035200000000,trade,S,100.12,40
1714000035250000000,trade,S,100.11,60
1714000035300000000,trade,B,100.16,20
1714000035350000000,trade,B,100.15,70
1714000035400000000,trade,S,100.12,100
1714000035450000000,trade,S,100.12,60
1714000035500000000,trade,B,100.14,90
1714000035550000000,clear,,,
1714000035550000000,level,B,100.13,270
1714000035550000000,level,S,100.15,10
1714000035550000000,level,B,100.12,150
1714000035550000000,level,S,100.16,140
1714000035550000000,level,B,100.11,140
1714000035550000000,level,S,100.17,240
1714000035550000000,level,B,100.10,350
1714000035550000000,level,S,100.18,240
1714000035550000000,level,B,100.09,80
1714000035550000000,level,S,100.19,370
1714000035600000000,clear,,,
1714000035600000000,level,B,100.14,20
1714000035600000000,level,S,100.16,90
1714000035600000000,level,B,100.13,280
1714000035600000000,level,S,100.17,60
1714000035600000000,level,B,100.12,120
1714000035600000000,level,S,100.18,340
1714000035600000000,level,B,100.11,190
1714000035600000000,level,S,100.19,330
1714000035600000000,level,B,100.10,230
1714000035600000000,level,S,100.20,70
1714000035650000000,clear,,,
1714000035650000000,level,B,100.13,150
1714000035650000000,level,S,100.15,240
1714000035650000000,level,B,100.12,280
1714000035650000000,level,S,100.16,110
1714000035650000000,level,B,100.11,250
1714000035650000000,level,S,100.17,50
1714000035650000000,level,B,100.10,270
1714000035650000000,level,S,100.18,130
1714000035650000000,level,B,100.09,210
1714000035650000000,level,S,100.19,200
1714000035700000000,trade,B,100.15,10
1714000035750000000,trade,B,100.15,90
1714000035800000000,trade,B,100.16,90
1714000035850000000,trade,B,100.15,10
1714000035900000000,clear,,,
1714000035900000000,level,B,100.12,330
1714000035900000000,level,S,100.14,140
1714000035900000000,level,B,100.11,330
1714000035900000000,level,S,100.15,300
1714000035900000000,level,B,100.10,100
1714000035900000000,level,S,100.16,360
1714000035900000000,level,B,100.09,140
1714000035900000000,level,S,100.17,100
1714000035900000000,level,B,100.08,100
1714000035900000000,level,S,100.18,290
1714000035950000000,trade,S,100.11,100
1714000036000000000,clear,,,
1714000036000000000,level,B,100.13,140
1714000036000000000,level,S,100.15,330
1714000036000000000,level,B,100.12,300
1714000036000000000,level,S,100.16,40
1714000036000000000,level,B,100.11,60
1714000036000000000,level,S,100.17,10
1714000036000000000,level,B,100.10,220
1714000036000000000,level,S,100.18,110
1714000036000000000,level,B,100.09,160
1714000036000000000,level,S,100.19,350
1714000036050000000,clear,,,
1714000036050000000,level,B,100.12,150
1714000036050000000,level,S,100.14,390
1714000036050000000,level,B,100.11,120
1714000036050000000,level,S,100.15,130
1714000036050000000,level,B,100.10,380
1714000036050000000,level,S,100.16,80
1714000036050000000,level,B,100.09,300
1714000036050000000,level,S,100.17,390
1714000036050000000,level,B,100.08,140
1714000036050000000,level,S,100.18,180
1714000036100000000,trade,S,100.11,10
1714000036150000000,trade,B,100.14,90
1714000036200000000,trade,B,100.14,40
1714000036250000000,trade,S,100.12,40
1714000036300000000,clear,,,
1714000036300000000,level,B,100.13,230
1714000036300000000,level,S,100.15,400
1714000036300000000,level,B,100.12,280
1714000036300000000,level,S,100.16,200
1714000036300000000,level,B,100.11,200
1714000036300000000,level,S,100.17,110
1714000036300000000,level,B,100.10,140
1714000036300000000,level,S,100.18,290
1714000036300000000,level,B,100.09,60
1714000036300000000,level,S,100.19,100
1714000036350000000,clear,,,
1714000036350000000,level,B,100.14,80
1714000036350000000,level,S,100.16,330
1714000036350000000,level,B,100.13,190
1714000036350000000,level,S,100.17,120
1714000036350000000,level,B,100.12,270
1714000036350000000,level,S,100.18,310
1714000036350000000,level,B,100.11,290
1714000036350000000,level,S,100.19,380
1714000036350000000,level,B,100.10,320
1714000036350000000,level,S,100.20,310
1714000036400000000,trade,S,100.14,90
1714000036450000000,clear,,,
1714000036450000000,level,B,100.13,150
1714000036450000000,level,S,100.15,50
1714000036450000000,level,B,100.12,230
1714000036450000000,level,S,100.16,250
1714000036450000000,level,B,100.11,50
1714000036450000000,level,S,100.17,260
1714000036450000000,level,B,100.10,70
1714000036450000000,level,S,100.18,230
1714000036450000000,level,B,100.09,280
1714000036450000000,level,S,100.19,220
1714000036500000000,trade,S,100.13,100
1714000036550000000,trade,B,100.15,60
1714000036600000000,trade,S,100.13,30
1714000036650000000,trade,B,100.15,60
1714000036700000000,trade,S,100.13,40
1714000036750000000,trade,B,100.15,30
1714000036800000000,clear,,,
1714000036800000000,level,B,100.12,20
1714000036800000000,level,S,100.14,400
1714000036800000000,level,B,100.11,210
1714000036800000000,level,S,100.15,310
1714000036800000000,level,B,100.10,290
1714000036800000000,level,S,100.16,320
1714000036800000000,level,B,100.09,180
1714000036800000000,level,S,100.17,240
1714000036800000000,level,B,100.08,340
1714000036800000000,level,S,100.18,20
1714000036850000000,trade,S,100.12,60
1714000036900000000,clear,,,
1714000036900000000,level,B,100.13,20
1714000036900000000,level,S,100.15,240
1714000036900000000,level,B,100.12,250
1714000036900000000,level,S,100.16,50
1714000036900000000,level,B,100.11,240
1714000036900000000,level,S,100.17,350
1714000036900000000,level,B,100.10,10
1714000036900000000,level,S,100.18,180
1714000036900000000,level,B,100.09,220
1714000036900000000,level,S,100.19,190
1714000036950000000,trade,B,100.15,20
1714000037000000000,clear,,,
1714000037000000000,level,B,100.12,90
1714000037000000000,level,S,100.14,100
1714000037000000000,level,B,100.11,200
1714000037000000000,level,S,100.15,150
1714000037000000000,level,B,100.10,150
1714000037000000000,level,S,100.16,40
1714000037000000000,level,B,100.09,280
1714000037000000000,level,S,100.17,170
1714000037000000000,level,B,100.08,80
1714000037000000000,level,S,100.18,70
1714000037050000000,trade,B,100.14,40
1714000037100000000,clear,,,
1714000037100000000,level,B,100.13,250
1714000037100000000,level,S,100.15,280
1714000037100000000,level,B,100.12,60
1714000037100000000,level,S,100.16,120
1714000037100000000,level,B,100.11,390
1714000037100000000,level,S,100.17,90
1714000037100000000,level,B,100.10,200
1714000037100000000,level,S,100.18,30
1714000037100000000,level,B,100.09,60
1714000037100000000,level,S,100.19,40
1714000037150000000,clear,,,
1714000037150000000,level,B,100.12,20
1714000037150000000,level,S,100.14,210
1714000037150000000,level,B,100.11,110
1714000037150000000,level,S,100.15,80
1714000037150000000,level,B,100.10,300
1714000037150000000,level,S,100.16,110
1714000037150000000,level,B,100.09,70
1714000037150000000,level,S,100.17,120
1714000037150000000,level,B,100.08,130
1714000037150000000,level,S,100.18,390
1714000037200000000,trade,B,100.14,70
1714000037250000000,trade,S,100.12,10
1714000037300000000,trade,B,100.15,60
1714000037350000000,trade,B,100.14,10
1714000037400000000,trade,B,100.14,100
1714000037450000000,trade,S,100.12,10
1714000037500000000,trade,B,100.14,30
1714000037550000000,trade,B,100.14,90
1714000037600000000,trade,S,100.12,100
1714000037650000000,trade,S,100.12,100
1714000037700000000,trade,B,100.14,50
1714000037750000000,trade,B,100.14,10
1714000037800000000,trade,S,100.12,50
1714000037850000000,trade,S,100.11,80
1714000037900000000,trade,B,100.14,10
1714000037950000000,clear,,,
1714000037950000000,level,B,100.11,370
1714000037950000000,level,S,100.13,270
1714000037950000000,level,B,100.10,190
1714000037950000000,level,S,100.14,380
1714000037950000000,level,B,100.09,330
1714000037950000000,level,S,100.15,280
1714000037950000000,level,B,100.08,10
1714000037950000000,level,S,100.16,60
1714000037950000000,level,B,100.07,380
1714000037950000000,level,S,100.17,90
1714000038000000000,clear,,,
1714000038000000000,level,B,100.12,80
1714000038000000000,level,S,100.14,390
1714000038000000000,level,B,100.11,280
1714000038000000000,level,S,100.15,290
1714000038000000000,level,B,100.10,170
1714000038000000000,level,S,100.16,60
1714000038000000000,level,B,100.09,290
1714000038000000000,level,S,100.17,240
1714000038000000000,level,B,100.08,70
1714000038000000000,level,S,100.18,30
1714000038050000000,trade,S,100.11,50
1714000038100000000,trade,B,100.14,90
1714000038150000000,trade,S,100.12,70
1714000038200000000,trade,S,100.11,30
1714000038250000000,trade,S,100.11,90
1714000038300000000,trade,B,100.14,40
1714000038350000000,clear,,,
1714000038350000000,level,B,100.11,290
1714000038350000000,level,S,100.13,310
1714000038350000000,level,B,100.10,20
1714000038350000000,level,S,100.14,60
1714000038350000000,level,B,100.09,60
1714000038350000000,level,S,100.15,30
1714000038350000000,level,B,100.08,140
1714000038350000000,level,S,100.16,300
1714000038350000000,level,B,100.07,390
1714000038350000000,level,S,100.17,310
1714000038400000000,trade,B,100.13,100
1714000038450000000,clear,,,
1714000038450000000,level,B,100.10,80
1714000038450000000,level,S,100.12,120
1714000038450000000,level,B,100.09,330
1714000038450000000,level,S,100.13,170
1714000038450000000,level,B,100.08,220
1714000038450000000,level,S,100.14,110
1714000038450000000,level,B,100.07,110
1714000038450000000,level,S,100.15,150
1714000038450000000,level,B,100.06,310
1714000038450000000,level,S,100.16,150
1714000038500000000,clear,,,
1714000038500000000,level,B,100.09,150
1714000038500000000,level,S,100.11,110
1714000038500000000,level,B,100.08,400
1714000038500000000,level,S,100.12,200
1714000038500000000,level,B,100.07,50
1714000038500000000,level,S,100.13,250
1714000038500000000,level,B,100.06,350
1714000038500000000,level,S,100.14,400
1714000038500000000,level,B,100.05,290
1714000038500000000,level,S,100.15,140
1714000038550000000,clear,,,
1714000038550000000,level,B,100.10,210
1714000038550000000,level,S,100.12,40
1714000038550000000,level,B,100.09,250
1714000038550000000,level,S,100.13,150
1714000038550000000,level,B,100.08,300
1714000038550000000,level,S,100.14,310
1714000038550000000,level,B,100.07,340
1714000038550000000,level,S,100.15,130
1714000038550000000,level,B,100.06,170
1714000038550000000,level,S,100.16,110
1714000038600000000,trade,B,100.12,30
1714000038650000000,trade,S,100.10,100
1714000038700000000,trade,S,100.10,30
1714000038750000000,trade,B,100.12,30
1714000038800000000,trade,S,100.10,90
1714000038850000000,clear,,,
1714000038850000000,level,B,100.09,210
1714000038850000000,level,S,100.11,140
1714000038850000000,level,B,100.08,300
1714000038850000000,level,S,100.12,80
1714000038850000000,level,B,100.07,190
1714000038850000000,level,S,100.13,300
1714000038850000000,level,B,100.06,240
1714000038850000000,level,S,100.14,370
1714000038850000000,level,B,100.05,240
1714000038850000000,level,S,100.15,310
1714000038900000000,trade,B,100.11,30
1714000038950000000,trade,B,100.11,40
1714000039000000000,trade,B,100.11,20
1714000039050000000,clear,,,
1714000039050000000,level,B,100.08,160
1714000039050000000,level,S,100.10,80
1714000039050000000,level,B,100.07,190
1714000039050000000,level,S,100.11,70
1714000039050000000,level,B,100.06,130
1714000039050000000,level,S,100.12,380
1714000039050000000,level,B,100.05,10
1714000039050000000,level,S,100.13,180
1714000039050000000,level,B,100.04,40
1714000039050000000,level,S,100.14,280
1714000039100000000,clear,,,
1714000039100000000,level,B,100.09,210
1714000039100000000,level,S,100.11,370
1714000039100000000,level,B,100.08,10
1714000039100000000,level,S,100.12,330
1714000039100000000,level,B,100.07,270
1714000039100000000,level,S,100.13,230
1714000039100000000,level,B,100.06,380
1714000039100000000,level,S,100.14,350
1714000039100000000,level,B,100.05,120
1714000039100000000,level,S,100.15,10
1714000039150000000,trade,B,100.11,40
1714000039200000000,trade,S,100.09,60
1714000039250000000,trade,S,100.09,20
1714000039300000000,trade,S,100.08,50
1714000039350000000,trade,S,100.09,10
1714000039400000000,trade,S,100.09,30
1714000039450000000,trade,S,100.09,60
1714000039500000000,clear,,,
1714000039500000000,level,B,100.08,110
1714000039500000000,level,S,100.10,110
1714000039500000000,level,B,100.07,100
1714000039500000000,level,S,100.11,100
1714000039500000000,level,B,100.06,80
1714000039500000000,level,S,100.12,380
1714000039500000000,level,B,100.05,80
1714000039500000000,level,S,100.13,110
1714000039500000000,level,B,100.04,200
1714000039500000000,level,S,100.14,330
1714000039550000000,trade,B,100.10,90
1714000039600000000,trade,B,100.11,10
1714000039650000000,clear,,,
1714000039650000000,level,B,100.09,160
1714000039650000000,level,S,100.11,60
1714000039650000000,level,B,100.08,310
1714000039650000000,level,S,100.12,380
1714000039650000000,level,B,100.07,250
1714000039650000000,level,S,100.13,280
1714000039650000000,level,B,100.06,220
1714000039650000000,level,S,100.14,310
1714000039650000000,level,B,100.05,30
1714000039650000000,level,S,100.15,150
1714000039700000000,trade,B,100.11,10
1714000039750000000,trade,B,100.12,60
1714000039800000000,trade,S,100.09,50
1714000039850000000,clear,,,
1714000039850000000,level,B,100.10,160
1714000039850000000,level,S,100.12,100
1714000039850000000,level,B,100.09,120
1714000039850000000,level,S,100.13,200
1714000039850000000,level,B,100.08,280
1714000039850000000,level,S,100.14,210
1714000039850000000,level,B,100.07,70
1714000039850000000,level,S,100.15,330
1714000039850000000,level,B,100.06,280
1714000039850000000,level,S,100.16,110
1714000039900000000,trade,S,100.09,30
1714000039950000000,trade,B,100.13,10
1714000040000000000,clear,,,
1714000040000000000,level,B,100.09,330
1714000040000000000,level,S,100.11,260
1714000040000000000,level,B,100.08,110
1714000040000000000,level,S,100.12,150
1714000040000000000,level,B,100.07,140
1714000040000000000,level,S,100.13,280
1714000040000000000,level,B,100.06,170
1714000040000000000,level,S,100.14,300
1714000040000000000,level,B,100.05,60
1714000040000000000,level,S,100.15,160
1714000040050000000,trade,B,100.11,20
1714000040100000000,clear,,,
1714000040100000000,level,B,100.08,350
1714000040100000000,level,S,100.10,190
1714000040100000000,level,B,100.07,240
1714000040100000000,level,S,100.11,220
1714000040100000000,level,B,100.06,160
1714000040100000000,level,S,100.12,180
1714000040100000000,level,B,100.05,220
1714000040100000000,level,S,100.13,150
1714000040100000000,level,B,100.04,30
1714000040100000000,level,S,100.14,260
1714000040150000000,trade,S,100.07,10
1714000040200000000,trade,S,100.08,90
1714000040250000000,trade,S,100.07,80
1714000040300000000,trade,S,100.08,80
1714000040350000000,clear,,,
1714000040350000000,level,B,100.07,310
1714000040350000000,level,S,100.09,280
1714000040350000000,level,B,100.06,90
1714000040350000000,level,S,100.10,20
1714000040350000000,level,B,100.05,120
1714000040350000000,level,S,100.11,380
1714000040350000000,level,B,100.04,30
1714000040350000000,level,S,100.12,50
1714000040350000000,level,B,100.03,80
1714000040350000000,level,S,100.13,210
1714000040400000000,clear,,,
1714000040400000000,level,B,100.06,380
1714000040400000000,level,S,100.08,180
1714000040400000000,level,B,100.05,230
1714000040400000000,level,S,100.09,110
1714000040400000000,level,B,100.04,240
1714000040400000000,level,S,100.10,270
1714000040400000000,level,B,100.03,180
1714000040400000000,level,S,100.11,110
1714000040400000000,level,B,100.02,290
1714000040400000000,level,S,100.12,290
1714000040450000000,clear,,,
1714000040450000000,level,B,100.05,60
1714000040450000000,level,S,100.07,350
1714000040450000000,level,B,100.04,280
1714000040450000000,level,S,100.08,160
1714000040450000000,level,B,100.03,100
1714000040450000000,level,S,100.09,170
1714000040450000000,level,B,100.02,80
1714000040450000000,level,S,100.10,80
1714000040450000000,level,B,100.01,250
1714000040450000000,level,S,100.11,60
1714000040500000000,trade,B,100.08,20
1714000040550000000,trade,S,100.05,90
1714000040600000000,trade,S,100.05,100
1714000040650000000,trade,S,100.05,60
1714000040700000000,clear,,,
1714000040700000000,level,B,100.06,330
1714000040700000000,level,S,100.08,360
1714000040700000000,level,B,100.05,380
1714000040700000000,level,S,100.09,150
1714000040700000000,level,B,100.04,400
1714000040700000000,level,S,100.10,180
1714000040700000000,level,B,100.03,330
1714000040700000000,level,S,100.11,90
1714000040700000000,level,B,100.02,330
1714000040700000000,level,S,100.12,20
1714000040750000000,trade,B,100.09,20
1714000040800000000,trade,S,100.06,40
1714000040850000000,trade,S,100.06,10
1714000040900000000,trade,S,100.06,80
1714000040950000000,trade,S,100.06,60
1714000041000000000,trade,B,100.08,70
1714000041050000000,trade,S,100.06,50
1714000041100000000,trade,S,100.05,100
1714000041150000000,trade,S,100.06,60
1714000041200000000,trade,B,100.08,50
1714000041250000000,trade,B,100.08,70
1714000041300000000,trade,S,100.06,30
1714000041350000000,trade,B,100.08,10
1714000041400000000,trade,B,100.08,10
1714000041450000000,trade,B,100.09,90
1714000041500000000,clear,,,
1714000041500000000,level,B,100.07,290
1714000041500000000,level,S,100.09,330
1714000041500000000,level,B,100.06,260
1714000041500000000,level,S,100.10,390
1714000041500000000,level,B,100.05,170
1714000041500000000,level,S,100.11,20
1714000041500000000,level,B,100.04,260
1714000041500000000,level,S,100.12,250
1714000041500000000,level,B,100.03,120
1714000041500000000,level,S,100.13,250
1714000041550000000,trade,S,100.06,30
1714000041600000000,trade,B,100.10,100
1714000041650000000,trade,S,100.06,40
1714000041700000000,clear,,,
1714000041700000000,level,B,100.08,80
1714000041700000000,level,S,100.10,30
1714000041700000000,level,B,100.07,370
1714000041700000000,level,S,100.11,210
1714000041700000000,level,B,100.06,340
1714000041700000000,level,S,100.12,390
1714000041700000000,level,B,100.05,60
1714000041700000000,level,S,100.13,330
1714000041700000000,level,B,100.04,300
1714000041700000000,level,S,100.14,80
1714000041750000000,clear,,,
1714000041750000000,level,B,100.09,200
1714000041750000000,level,S,100.11,270
1714000041750000000,level,B,100.08,240
1714000041750000000,level,S,100.12,10
1714000041750000000,level,B,100.07,150
1714000041750000000,level,S,100.13,80
1714000041750000000,level,B,100.06,220
1714000041750000000,level,S,100.14,260
1714000041750000000,level,B,100.05,160
1714000041750000000,level,S,100.15,280
1714000041800000000,clear,,,
1714000041800000000,level,B,100.08,250
1714000041800000000,level,S,100.10,30
1714000041800000000,level,B,100.07,340
1714000041800000000,level,S,100.11,360
1714000041800000000,level,B,100.06,200
1714000041800000000,level,S,100.12,180
1714000041800000000,level,B,100.05,310
1714000041800000000,level,S,100.13,310
1714000041800000000,level,B,100.04,300
1714000041800000000,level,S,100.14,10
1714000041850000000,clear,,,
1714000041850000000,level,B,100.09,300
1714000041850000000,level,S,100.11,150
1714000041850000000,level,B,100.08,390
1714000041850000000,level,S,100.12,400
1714000041850000000,level,B,100.07,120
1714000041850000000,level,S,100.13,390
1714000041850000000,level,B,100.06,310
1714000041850000000,level,S,100.14,360
1714000041850000000,level,B,100.05,250
1714000041850000000,level,S,100.15,110
1714000041900000000,trade,B,100.11,80
1714000041950000000,trade,B,100.11,10
1714000042000000000,clear,,,
1714000042000000000,level,B,100.08,120
1714000042000000000,level,S,100.10,240
1714000042000000000,level,B,100.07,10
1714000042000000000,level,S,100.11,280
1714000042000000000,level,B,100.06,270
1714000042000000000,level,S,100.12,330
1714000042000000000,level,B,100.05,300
1714000042000000000,level,S,100.13,190
1714000042000000000,level,B,100.04,230
1714000042000000000,level,S,100.14,340
1714000042050000000,trade,B,100.11,20
1714000042100000000,trade,B,100.11,60
1714000042150000000,trade,S,100.08,60
1714000042200000000,trade,S,100.08,60
1714000042250000000,clear,,,
1714000042250000000,level,B,100.07,220
1714000042250000000,level,S,100.09,110
1714000042250000000,level,B,100.06,270
1714000042250000000,level,S,100.10,20
1714000042250000000,level,B,100.05,240
1714000042250000000,level,S,100.11,150
1714000042250000000,level,B,100.04,260
1714000042250000000,level,S,100.12,10
1714000042250000000,level,B,100.03,110
1714000042250000000,level,S,100.13,130
1714000042300000000,trade,S,100.07,30
1714000042350000000,trade,S,100.06,10
1714000042400000000,clear,,,
1714000042400000000,level,B,100.06,210
1714000042400000000,level,S,100.08,260
1714000042400000000,level,B,100.05,30
1714000042400000000,level,S,100.09,320
1714000042400000000,level,B,100.04,350
1714000042400000000,level,S,100.10,310
1714000042400000000,level,B,100.03,130
1714000042400000000,level,S,100.11,350
1714000042400000000,level,B,100.02,120
1714000042400000000,level,S,100.12,50
1714000042450000000,trade,B,100.08,30
1714000042500000000,trade,B,100.08,50
1714000042550000000,trade,B,100.08,20
1714000042600000000,clear,,,
1714000042600000000,level,B,100.07,200
1714000042600000000,level,S,100.09,130
1714000042600000000,level,B,100.06,350
1714000042600000000,level,S,100.10,400
1714000042600000000,level,B,100.05,370
1714000042600000000,level,S,100.11,150
1714000042600000000,level,B,100.04,290
1714000042600000000,level,S,100.12,210
1714000042600000000,level,B,100.03,370
1714000042600000000,level,S,100.13,90
1714000042650000000,trade,S,100.07,30
1714000042700000000,trade,B,100.10,100
1714000042750000000,trade,B,100.09,30
1714000042800000000,trade,B,100.10,80
1714000042850000000,clear,,,
1714000042850000000,level,B,100.08,350
1714000042850000000,level,S,100.10,160
1714000042850000000,level,B,100.07,120
1714000042850000000,level,S,100.11,130
1714000042850000000,level,B,100.06,210
1714000042850000000,level,S,100.12,220
1714000042850000000,level,B,100.05,390
1714000042850000000,level,S,100.13,20
1714000042850000000,level,B,100.04,90
1714000042850000000,level,S,100.14,220
1714000042900000000,trade,B,100.11,10
1714000042950000000,clear,,,
1714000042950000000,level,B,100.09,180
1714000042950000000,level,S,100.11,200
1714000042950000000,level,B,100.08,60
1714000042950000000,level,S,100.12,140
1714000042950000000,level,B,100.07,290
1714000042950000000,level,S,100.13,390
1714000042950000000,level,B,100.06,180
1714000042950000000,level,S,100.14,360
1714000042950000000,level,B,100.05,10
1714000042950000000,level,S,100.15,40
1714000043000000000,trade,B,100.11,90
1714000043050000000,trade,B,100.11,70
1714000043100000000,trade,S,100.09,40
1714000043150000000,clear,,,
1714000043150000000,level,B,100.08,90
1714000043150000000,level,S,100.10,200
1714000043150000000,level,B,100.07,260
1714000043150000000,level,S,100.11,30
1714000043150000000,level,B,100.06,150
1714000043150000000,level,S,100.12,70
1714000043150000000,level,B,100.05,140
1714000043150000000,level,S,100.13,290
1714000043150000000,level,B,100.04,240
1714000043150000000,level,S,100.14,300
1714000043200000000,trade,S,100.07,60
1714000043250000000,trade,B,100.10,70
1714000043300000000,clear,,,
1714000043300000000,level,B,100.07,280
1714000043300000000,level,S,100.09,120
1714000043300000000,level,B,100.06,310
1714000043300000000,level,S,100.10,330
1714000043300000000,level,B,100.05,140
1714000043300000000,level,S,100.11,130
1714000043300000000,level,B,100.04,160
1714000043300000000,level,S,100.12,230
1714000043300000000,level,B,100.03,370
1714000043300000000,level,S,100.13,70
1714000043350000000,clear,,,
1714000043350000000,level,B,100.08,80
1714000043350000000,level,S,100.10,310
1714000043350000000,level,B,100.07,190
1714000043350000000,level,S,100.11,250
1714000043350000000,level,B,100.06,380
1714000043350000000,level,S,100.12,380
1714000043350000000,level,B,100.05,140
1714000043350000000,level,S,100.13,210
1714000043350000000,level,B,100.04,280
1714000043350000000,level,S,100.14,10
1714000043400000000,trade,S,100.08,90
1714000043450000000,trade,B,100.10,20
1714000043500000000,trade,S,100.08,70
1714000043550000000,clear,,,
1714000043550000000,level,B,100.07,100
1714000043550000000,level,S,100.09,270
1714000043550000000,level,B,100.06,120
1714000043550000000,level,S,100.10,330
1714000043550000000,level,B,100.05,100
1714000043550000000,level,S,100.11,210
1714000043550000000,level,B,100.04,150
1714000043550000000,level,S,100.12,280
1714000043550000000,level,B,100.03,250
1714000043550000000,level,S,100.13,180
1714000043600000000,clear,,,
1714000043600000000,level,B,100.06,370
1714000043600000000,level,S,100.08,130
1714000043600000000,level,B,100.05,110
1714000043600000000,level,S,100.09,310
1714000043600000000,level,B,100.04,380
1714000043600000000,level,S,100.10,350
1714000043600000000,level,B,100.03,130
1714000043600000000,level,S,100.11,290
1714000043600000000,level,B,100.02,330
1714000043600000000,level,S,100.12,320
1714000043650000000,trade,B,100.08,80
1714000043700000000,clear,,,
1714000043700000000,level,B,100.05,350
1714000043700000000,level,S,100.07,280
1714000043700000000,level,B,100.04,140
1714000043700000000,level,S,100.08,200
1714000043700000000,level,B,100.03,390
1714000043700000000,level,S,100.09,150
1714000043700000000,level,B,100.02,370
1714000043700000000,level,S,100.10,120
1714000043700000000,level,B,100.01,230
1714000043700000000,level,S,100.11,240
1714000043750000000,clear,,,
1714000043750000000,level,B,100.04,110
1714000043750000000,level,S,100.06,200
1714000043750000000,level,B,100.03,100
1714000043750000000,level,S,100.07,170
1714000043750000000,level,B,100.02,360
1714000043750000000,level,S,100.08,70
1714000043750000000,level,B,100.01,40
1714000043750000000,level,S,100.09,370
1714000043750000000,level,B,100.00,40
1714000043750000000,level,S,100.10,130
1714000043800000000,clear,,,
1714000043800000000,level,B,100.03,170
1714000043800000000,level,S,100.05,170
1714000043800000000,level,B,100.02,60
1714000043800000000,level,S,100.06,170
1714000043800000000,level,B,100.01,320
1714000043800000000,level,S,100.07,120
1714000043800000000,level,B,100.00,170
1714000043800000000,level,S,100.08,10
1714000043800000000,level,B,99.99,200
1714000043800000000,level,S,100.09,300
1714000043850000000,clear,,,
1714000043850000000,level,B,100.02,270
1714000043850000000,level,S,100.04,80
1714000043850000000,level,B,100.01,150
1714000043850000000,level,S,100.05,10
1714000043850000000,level,B,100.00,80
1714000043850000000,level,S,100.06,220
1714000043850000000,level,B,99.99,70
1714000043850000000,level,S,100.07,290
1714000043850000000,level,B,99.98,320
1714000043850000000,level,S,100.08,20
1714000043900000000,trade,B,100.04,70
1714000043950000000,trade,S,100.01,100
1714000044000000000,trade,S,100.02,90
1714000044050000000,trade,S,100.02,70
1714000044100000000,clear,,,
1714000044100000000,level,B,100.01,360
1714000044100000000,level,S,100.03,140
1714000044100000000,level,B,100.00,300
1714000044100000000,level,S,100.04,370
1714000044100000000,level,B,99.99,160
1714000044100000000,level,S,100.05,360
1714000044100000000,level,B,99.98,330
1714000044100000000,level,S,100.06,80
1714000044100000000,level,B,99.97,60
1714000044100000000,level,S,100.07,240
1714000044150000000,trade,S,100.00,80
1714000044200000000,trade,B,100.03,50
1714000044250000000,trade,B,100.04,10
1714000044300000000,trade,B,100.03,90
1714000044350000000,trade,S,99.99,20
1714000044400000000,clear,,,
1714000044400000000,level,B,100.02,200
1714000044400000000,level,S,100.04,350
1714000044400000000,level,B,100.01,110
1714000044400000000,level,S,100.05,80
1714000044400000000,level,B,100.00,60
1714000044400000000,level,S,100.06,50
1714000044400000000,level,B,99.99,200
1714000044400000000,level,S,100.07,20
1714000044400000000,level,B,99.98,240
1714000044400000000,level,S,100.08,120
1714000044450000000,trade,S,100.02,80
1714000044500000000,trade,S,100.02,40
1714000044550000000,trade,B,100.04,70
1714000044600000000,trade,S,100.02,80
1714000044650000000,clear,,,
1714000044650000000,level,B,100.01,100
1714000044650000000,level,S,100.03,290
1714000044650000000,level,B,100.00,250
1714000044650000000,level,S,100.04,400
1714000044650000000,level,B,99.99,180
1714000044650000000,level,S,100.05,240
1714000044650000000,level,B,99.98,100
1714000044650000000,level,S,100.06,390
1714000044650000000,level,B,99.97,340
1714000044650000000,level,S,100.07,110
1714000044700000000,trade,S,100.01,90
1714000044750000000,clear,,,
1714000044750000000,level,B,100.00,30
1714000044750000000,level,S,100.02,400
1714000044750000000,level,B,99.99,290
1714000044750000000,level,S,100.03,200
1714000044750000000,level,B,99.98,380
1714000044750000000,level,S,100.04,290
1714000044750000000,level,B,99.97,50
1714000044750000000,level,S,100.05,70
1714000044750000000,level,B,99.96,70
1714000044750000000,level,S,100.06,260
1714000044800000000,trade,B,100.02,80
1714000044850000000,clear,,,
1714000044850000000,level,B,99.99,100
1714000044850000000,level,S,100.01,330
1714000044850000000,level,B,99.98,150
1714000044850000000,level,S,100.02,60
1714000044850000000,level,B,99.97,60
1714000044850000000,level,S,100.03,360
1714000044850000000,level,B,99.96,130
1714000044850000000,level,S,100.04,390
1714000044850000000,level,B,99.95,340
1714000044850000000,level,S,100.05,50
1714000044900000000,clear,,,
1714000044900000000,level,B,100.00,290
1714000044900000000,level,S,100.02,170
1714000044900000000,level,B,99.99,380
1714000044900000000,level,S,100.03,160
1714000044900000000,level,B,99.98,210
1714000044900000000,level,S,100.04,40
1714000044900000000,level,B,99.97,370
1714000044900000000,level,S,100.05,70
1714000044900000000,level,B,99.96,350
1714000044900000000,level,S,100.06,270
1714000044950000000,trade,B,100.02,20
1714000045000000000,trade,B,100.02,50
1714000045050000000,trade,S,99.99,50
1714000045100000000,trade,S,100.00,90
1714000045150000000,clear,,,
1714000045150000000,level,B,100.01,220
1714000045150000000,level,S,100.03,150
1714000045150000000,level,B,100.00,240
1714000045150000000,level,S,100.04,80
1714000045150000000,level,B,99.99,210
1714000045150000000,level,S,100.05,330
1714000045150000000,level,B,99.98,330
1714000045150000000,level,S,100.06,190
1714000045150000000,level,B,99.97,200
1714000045150000000,level,S,100.07,240
1714000045200000000,clear,,,
1714000045200000000,level,B,100.02,390
1714000045200000000,level,S,100.04,390
1714000045200000000,level,B,100.01,160
1714000045200000000,level,S,100.05,280
1714000045200000000,level,B,100.00,300
1714000045200000000,level,S,100.06,170
1714000045200000000,level,B,99.99,400
1714000045200000000,level,S,100.07,140
1714000045200000000,level,B,99.98,90
1714000045200000000,level,S,100.08,360
1714000045250000000,trade,B,100.05,30
1714000045300000000,trade,B,100.04,20
1714000045350000000,trade,B,100.05,90
1714000045400000000,trade,B,100.04,70
1714000045450000000,trade,S,100.01,90
1714000045500000000,trade,S,100.02,90
1714000045550000000,trade,S,100.02,60
1714000045600000000,trade,S,100.01,20
1714000045650000000,trade,B,100.04,50
1714000045700000000,trade,S,100.02,60
1714000045750000000,trade,B,100.04,30
1714000045800000000,clear,,,
1714000045800000000,level,B,100.01,310
1714000045800000000,level,S,100.03,220
1714000045800000000,level,B,100.00,70
1714000045800000000,level,S,100.04,340
1714000045800000000,level,B,99.99,100
1714000045800000000,level,S,100.05,100
1714000045800000000,level,B,99.98,360
1714000045800000000,level,S,100.06,150
1714000045800000000,level,B,99.97,220
1714000045800000000,level,S,100.07,190
1714000045850000000,trade,S,100.00,70
1714000045900000000,clear,,,
1714000045900000000,level,B,100.02,10
1714000045900000000,level,S,100.04,290
1714000045900000000,level,B,100.01,250
1714000045900000000,level,S,100.05,10
1714000045900000000,level,B,100.00,70
1714000045900000000,level,S,100.06,150
1714000045900000000,level,B,99.99,260
1714000045900000000,level,S,100.07,170
1714000045900000000,level,B,99.98,160
1714000045900000000,level,S,100.08,20
1714000045950000000,trade,S,100.02,90
1714000046000000000,clear,,,
1714000046000000000,level,B,100.03,190
1714000046000000000,level,S,100.05,140
1714000046000000000,level,B,100.02,40
1714000046000000000,level,S,100.06,240
1714000046000000000,level,B,100.01,370
1714000046000000000,level,S,100.07,30
1714000046000000000,level,B,100.00,80
1714000046000000000,level,S,100.08,380
1714000046000000000,level,B,99.99,20
1714000046000000000,level,S,100.09,380
1714000046050000000,trade,S,100.03,30
1714000046100000000,trade,S,100.03,40
1714000046150000000,clear,,,
1714000046150000000,level,B,100.04,390
1714000046150000000,level,S,100.06,280
1714000046150000000,level,B,100.03,130
1714000046150000000,level,S,100.07,190
1714000046150000000,level,B,100.02,370
1714000046150000000,level,S,100.08,210
1714000046150000000,level,B,100.01,40
1714000046150000000,level,S,100.09,330
1714000046150000000,level,B,100.00,240
1714000046150000000,level,S,100.10,330
1714000046200000000,clear,,,
1714000046200000000,level,B,100.05,170
1714000046200000000,level,S,100.07,170
1714000046200000000,level,B,100.04,180
1714000046200000000,level,S,100.08,280
1714000046200000000,level,B,100.03,340
1714000046200000000,level,S,100.09,290
1714000046200000000,level,B,100.02,290
1714000046200000000,level,S,100.10,300
1714000046200000000,level,B,100.01,300
1714000046200000000,level,S,100.11,370
1714000046250000000,trade,B,100.07,20
1714000046300000000,clear,,,
1714000046300000000,level,B,100.04,140
1714000046300000000,level,S,100.06,90
1714000046300000000,level,B,100.03,140
1714000046300000000,level,S,100.07,320
1714000046300000000,level,B,100.02,220
1714000046300000000,level,S,100.08,130
1714000046300000000,level,B,100.01,220
1714000046300000000,level,S,100.09,290
1714000046300000000,level,B,100.00,310
1714000046300000000,level,S,100.10,30
1714000046350000000,trade,B,100.07,80
1714000046400000000,clear,,,
1714000046400000000,level,B,100.05,20
1714000046400000000,level,S,100.07,20
1714000046400000000,level,B,100.04,310
1714000046400000000,level,S,100.08,270
1714000046400000000,level,B,100.03,330
1714000046400000000,level,S,100.09,60
1714000046400000000,level,B,100.02,270
1714000046400000000,level,S,100.10,150
1714000046400000000,level,B,100.01,90
1714000046400000000,level,S,100.11,40
1714000046450000000,trade,B,100.07,70
1714000046500000000,trade,B,100.07,70
1714000046550000000,clear,,,
1714000046550000000,level,B,100.06,10
1714000046550000000,level,S,100.08,20
1714000046550000000,level,B,100.05,70
1714000046550000000,level,S,100.09,40
1714000046550000000,level,B,100.04,280
1714000046550000000,level,S,100.10,320
1714000046550000000,level,B,100.03,320
1714000046550000000,level,S,100.11,240
1714000046550000000,level,B,100.02,70
1714000046550000000,level,S,100.12,380
1714000046600000000,trade,S,100.05,50
1714000046650000000,trade,B,100.08,20
1714000046700000000,trade,S,100.06,70
1714000046750000000,trade,B,100.09,50
1714000046800000000,clear,,,
1714000046800000000,level,B,100.07,390
1714000046800000000,level,S,100.09,180
1714000046800000000,level,B,100.06,10
1714000046800000000,level,S,100.10,310
1714000046800000000,level,B,100.05,160
1714000046800000000,level,S,100.11,230
1714000046800000000,level,B,100.04,370
1714000046800000000,level,S,100.12,300
1714000046800000000,level,B,100.03,250
1714000046800000000,level,S,100.13,70
1714000046850000000,clear,,,
1714000046850000000,level,B,100.06,220
1714000046850000000,level,S,100.08,200
1714000046850000000,level,B,100.05,350
1714000046850000000,level,S,100.09,160
1714000046850000000,level,B,100.04,370
1714000046850000000,level,S,100.10,260
1714000046850000000,level,B,100.03,370
1714000046850000000,level,S,100.11,20
1714000046850000000,level,B,100.02,280
1714000046850000000,level,S,100.12,300
1714000046900000000,trade,B,100.08,90
1714000046950000000,clear,,,
1714000046950000000,level,B,100.07,10
1714000046950000000,level,S,100.09,100
1714000046950000000,level,B,100.06,210
1714000046950000000,level,S,100.10,40
1714000046950000000,level,B,100.05,160
1714000046950000000,level,S,100.11,20
1714000046950000000,level,B,100.04,110
1714000046950000000,level,S,100.12,170
1714000046950000000,level,B,100.03,160
1714000046950000000,level,S,100.13,250
1714000047000000000,trade,S,100.07,20
1714000047050000000,clear,,,
1714000047050000000,level,B,100.08,230
1714000047050000000,level,S,100.10,100
1714000047050000000,level,B,100.07,290
1714000047050000000,level,S,100.11,120
1714000047050000000,level,B,100.06,360
1714000047050000000,level,S,100.12,190
1714000047050000000,level,B,100.05,240
1714000047050000000,level,S,100.13,20
1714000047050000000,level,B,100.04,340
1714000047050000000,level,S,100.14,180
1714000047100000000,trade,B,100.10,10
1714000047150000000,trade,B,100.11,70
1714000047200000000,clear,,,
1714000047200000000,level,B,100.09,350
1714000047200000000,level,S,100.11,30
1714000047200000000,level,B,100.08,380
1714000047200000000,level,S,100.12,80
1714000047200000000,level,B,100.07,300
1714000047200000000,level,S,100.13,330
1714000047200000000,level,B,100.06,100
1714000047200000000,level,S,100.14,320
1714000047200000000,level,B,100.05,80
1714000047200000000,level,S,100.15,140
1714000047250000000,trade,B,100.11,10
1714000047300000000,clear,,,
1714000047300000000,level,B,100.10,70
1714000047300000000,level,S,100.12,120
1714000047300000000,level,B,100.09,290
1714000047300000000,level,S,100.13,340
1714000047300000000,level,B,100.08,210
1714000047300000000,level,S,100.14,90
1714000047300000000,level,B,100.07,120
1714000047300000000,level,S,100.15,210
1714000047300000000,level,B,100.06,260
1714000047300000000,level,S,100.16,100
1714000047350000000,trade,S,100.10,90
1714000047400000000,clear,,,
1714000047400000000,level,B,100.11,100
1714000047400000000,level,S,100.13,160
1714000047400000000,level,B,100.10,20
1714000047400000000,level,S,100.14,80
1714000047400000000,level,B,100.09,130
1714000047400000000,level,S,100.15,200
1714000047400000000,level,B,100.08,10
1714000047400000000,level,S,100.16,200
1714000047400000000,level,B,100.07,210
1714000047400000000,level,S,100.17,70
1714000047450000000,trade,S,100.11,80
1714000047500000000,clear,,,
1714000047500000000,level,B,100.12,260
1714000047500000000,level,S,100.14,120
1714000047500000000,level,B,100.11,110
1714000047500000000,level,S,100.15,140
1714000047500000000,level,B,100.10,50
1714000047500000000,level,S,100.16,10
1714000047500000000,level,B,100.09,60
1714000047500000000,level,S,100.17,260
1714000047500000000,level,B,100.08,60
1714000047500000000,level,S,100.18,90
1714000047550000000,clear,,,
1714000047550000000,level,B,100.11,270
1714000047550000000,level,S,100.13,290
1714000047550000000,level,B,100.10,80
1714000047550000000,level,S,100.14,20
1714000047550000000,level,B,100.09,260
1714000047550000000,level,S,100.15,220
1714000047550000000,level,B,100.08,130
1714000047550000000,level,S,100.16,160
1714000047550000000,level,B,100.07,380
1714000047550000000,level,S,100.17,280
1714000047600000000,trade,S,100.11,30
1714000047650000000,trade,B,100.13,20
1714000047700000000,clear,,,
1714000047700000000,level,B,100.12,290
1714000047700000000,level,S,100.14,190
1714000047700000000,level,B,100.11,130
1714000047700000000,level,S,100.15,310
1714000047700000000,level,B,100.10,200
1714000047700000000,level,S,100.16,250
1714000047700000000,level,B,100.09,400
1714000047700000000,level,S,100.17,60
1714000047700000000,level,B,100.08,80
1714000047700000000,level,S,100.18,290
1714000047750000000,clear,,,
1714000047750000000,level,B,100.13,280
1714000047750000000,level,S,100.15,170
1714000047750000000,level,B,100.12,320
1714000047750000000,level,S,100.16,170
1714000047750000000,level,B,100.11,260
1714000047750000000,level,S,100.17,70
1714000047750000000,level,B,100.10,150
1714000047750000000,level,S,100.18,330
1714000047750000000,level,B,100.09,110
1714000047750000000,level,S,100.19,330
1714000047800000000,trade,B,100.15,60
1714000047850000000,trade,B,100.15,20
1714000047900000000,trade,B,100.15,50
1714000047950000000,trade,S,100.13,100
1714000048000000000,trade,B,100.16,90
1714000048050000000,trade,S,100.13,50
1714000048100000000,trade,S,100.13,40
1714000048150000000,trade,B,100.15,40
1714000048200000000,trade,B,100.16,40
1714000048250000000,trade,B,100.15,80
1714000048300000000,trade,S,100.13,50
1714000048350000000,trade,S,100.13,60
1714000048400000000,trade,B,100.16,90
1714000048450000000,trade,S,100.13,80
1714000048500000000,trade,B,100.15,40
1714000048550000000,trade,B,100.16,20
1714000048600000000,trade,B,100.15,90
1714000048650000000,trade,B,100.17,40
1714000048700000000,trade,S,100.12,50
1714000048750000000,trade,B,100.15,40
1714000048800000000,clear,,,
1714000048800000000,level,B,100.12,320
1714000048800000000,level,S,100.14,210
1714000048800000000,level,B,100.11,30
1714000048800000000,level,S,100.15,260
1714000048800000000,level,B,100.10,180
1714000048800000000,level,S,100.16,240
1714000048800000000,level,B,100.09,290
1714000048800000000,level,S,100.17,150
1714000048800000000,level,B,100.08,180
1714000048800000000,level,S,100.18,120
1714000048850000000,trade,B,100.14,60
1714000048900000000,trade,B,100.14,70
1714000048950000000,trade,B,100.15,50
1714000049000000000,trade,B,100.14,100
1714000049050000000,trade,B,100.15,70
1714000049100000000,trade,S,100.12,40
1714000049150000000,clear,,,
1714000049150000000,level,B,100.13,360
1714000049150000000,level,S,100.15,310
1714000049150000000,level,B,100.12,370
1714000049150000000,level,S,100.16,230
1714000049150000000,level,B,100.11,250
1714000049150000000,level,S,100.17,60
1714000049150000000,level,B,100.10,10
1714000049150000000,level,S,100.18,370
1714000049150000000,level,B,100.09,20
1714000049150000000,level,S,100.19,380
1714000049200000000,trade,S,100.13,80
1714000049250000000,clear,,,
1714000049250000000,level,B,100.12,320
1714000049250000000,level,S,100.14,30
1714000049250000000,level,B,100.11,310
1714000049250000000,level,S,100.15,140
1714000049250000000,level,B,100.10,210
1714000049250000000,level,S,100.16,310
1714000049250000000,level,B,100.09,10
1714000049250000000,level,S,100.17,170
1714000049250000000,level,B,100.08,190
1714000049250000000,level,S,100.18,90
1714000049300000000,trade,S,100.12,40
1714000049350000000,clear,,,
1714000049350000000,level,B,100.13,390
1714000049350000000,level,S,100.15,120
1714000049350000000,level,B,100.12,130
1714000049350000000,level,S,100.16,200
1714000049350000000,level,B,100.11,260
1714000049350000000,level,S,100.17,220
1714000049350000000,level,B,100.10,20
1714000049350000000,level,S,100.18,70
1714000049350000000,level,B,100.09,190
1714000049350000000,level,S,100.19,230
1714000049400000000,trade,B,100.15,50
1714000049450000000,clear,,,
1714000049450000000,level,B,100.12,70
1714000049450000000,level,S,100.14,200
1714000049450000000,level,B,100.11,170
1714000049450000000,level,S,100.15,330
1714000049450000000,level,B,100.10,270
1714000049450000000,level,S,100.16,180
1714000049450000000,level,B,100.09,300
1714000049450000000,level,S,100.17,190
1714000049450000000,level,B,100.08,360
1714000049450000000,level,S,100.18,220
1714000049500000000,clear,,,
1714000049500000000,level,B,100.11,150
1714000049500000000,level,S,100.13,220
1714000049500000000,level,B,100.10,150
1714000049500000000,level,S,100.14,210
1714000049500000000,level,B,100.09,130
1714000049500000000,level,S,100.15,280
1714000049500000000,level,B,100.08,170
1714000049500000000,level,S,100.16,220
1714000049500000000,level,B,100.07,20
1714000049500000000,level,S,100.17,200
1714000049550000000,clear,,,
1714000049550000000,level,B,100.12,90
1714000049550000000,level,S,100.14,140
1714000049550000000,level,B,100.11,240
1714000049550000000,level,S,100.15,80
1714000049550000000,level,B,100.10,240
1714000049550000000,level,S,100.16,220
1714000049550000000,level,B,100.09,80
1714000049550000000,level,S,100.17,330
1714000049550000000,level,B,100.08,120
1714000049550000000,level,S,100.18,280
1714000049600000000,clear,,,
1714000049600000000,level,B,100.13,320
1714000049600000000,level,S,100.15,200
1714000049600000000,level,B,100.12,240
1714000049600000000,level,S,100.16,340
1714000049600000000,level,B,100.11,340
1714000049600000000,level,S,100.17,30
1714000049600000000,level,B,100.10,220
1714000049600000000,level,S,100.18,270
1714000049600000000,level,B,100.09,400
1714000049600000000,level,S,100.19,170
1714000049650000000,trade,S,100.13,40
1714000049700000000,trade,B,100.16,40
1714000049750000000,clear,,,
1714000049750000000,level,B,100.12,90
1714000049750000000,level,S,100.14,350
1714000049750000000,level,B,100.11,320
1714000049750000000,level,S,100.15,230
1714000049750000000,level,B,100.10,320
1714000049750000000,level,S,100.16,240
1714000049750000000,level,B,100.09,40
1714000049750000000,level,S,100.17,130
1714000049750000000,level,B,100.08,150
1714000049750000000,level,S,100.18,280
1714000049800000000,trade,S,100.11,10
1714000049850000000,clear,,,
1714000049850000000,level,B,100.13,80
1714000049850000000,level,S,100.15,320
1714000049850000000,level,B,100.12,100
1714000049850000000,level,S,100.16,330
1714000049850000000,level,B,100.11,340
1714000049850000000,level,S,100.17,120
1714000049850000000,level,B,100.10,70
1714000049850000000,level,S,100.18,340
1714000049850000000,level,B,100.09,400
1714000049850000000,level,S,100.19,100
1714000049900000000,trade,B,100.15,60
1714000049950000000,trade,S,100.13,60
1714000050000000000,clear,,,
1714000050000000000,level,B,100.14,320
1714000050000000000,level,S,100.16,130
1714000050000000000,level,B,100.13,130
1714000050000000000,level,S,100.17,350
1714000050000000000,level,B,100.12,330
1714000050000000000,level,S,100.18,80
1714000050000000000,level,B,100.11,300
1714000050000000000,level,S,100.19,150
1714000050000000000,level,B,100.10,390
1714000050000000000,level,S,100.20,70
1714000050050000000,trade,B,100.17,60
1714000050100000000,trade,B,100.16,10
1714000050150000000,clear,,,
1714000050150000000,level,B,100.15,300
1714000050150000000,level,S,100.17,310
1714000050150000000,level,B,100.14,180
1714000050150000000,level,S,100.18,220
1714000050150000000,level,B,100.13,200
1714000050150000000,level,S,100.19,350
1714000050150000000,level,B,100.12,20
1714000050150000000,level,S,100.20,130
1714000050150000000,level,B,100.11,320
1714000050150000000,level,S,100.21,120
1714000050200000000,clear,,,
1714000050200000000,level,B,100.16,380
1714000050200000000,level,S,100.18,280
1714000050200000000,level,B,100.15,130
1714000050200000000,level,S,100.19,50
1714000050200000000,level,B,100.14,60
1714000050200000000,level,S,100.20,340
1714000050200000000,level,B,100.13,30
1714000050200000000,level,S,100.21,390
1714000050200000000,level,B,100.12,90
1714000050200000000,level,S,100.22,20
1714000050250000000,trade,S,100.16,50
1714000050300000000,clear,,,
1714000050300000000,level,B,100.15,270
1714000050300000000,level,S,100.17,370
1714000050300000000,level,B,100.14,180
1714000050300000000,level,S,100.18,340
1714000050300000000,level,B,100.13,30
1714000050300000000,level,S,100.19,180
1714000050300000000,level,B,100.12,90
1714000050300000000,level,S,100.20,300
1714000050300000000,level,B,100.11,140
1714000050300000000,level,S,100.21,140
1714000050350000000,clear,,,
1714000050350000000,level,B,100.14,380
1714000050350000000,level,S,100.16,180
1714000050350000000,level,B,100.13,90
1714000050350000000,level,S,100.17,320
1714000050350000000,level,B,100.12,270
1714000050350000000,level,S,100.18,240
1714000050350000000,level,B,100.11,10
1714000050350000000,level,S,100.19,280
1714000050350000000,level,B,100.10,270
1714000050350000000,level,S,100.20,40
1714000050400000000,trade,B,100.16,10
1714000050450000000,trade,B,100.16,30
1714000050500000000,trade,S,100.14,70
1714000050550000000,clear,,,
1714000050550000000,level,B,100.13,160
1714000050550000000,level,S,100.15,80
1714000050550000000,level,B,100.12,300
1714000050550000000,level,S,100.16,240
1714000050550000000,level,B,100.11,370
1714000050550000000,level,S,100.17,70
1714000050550000000,level,B,100.10,330
1714000050550000000,level,S,100.18,350
1714000050550000000,level,B,100.09,330
1714000050550000000,level,S,100.19,120
1714000050600000000,trade,B,100.16,40
1714000050650000000,trade,B,100.16,20
1714000050700000000,trade,S,100.13,40
1714000050750000000,trade,S,100.13,30
1714000050800000000,trade,S,100.13,60
1714000050850000000,trade,B,100.15,20
1714000050900000000,trade,S,100.12,60
1714000050950000000,trade,B,100.15,50
1714000051000000000,trade,S,100.13,10
1714000051050000000,clear,,,
1714000051050000000,level,B,100.14,270
1714000051050000000,level,S,100.16,50
1714000051050000000,level,B,100.13,280
1714000051050000000,level,S,100.17,160
1714000051050000000,level,B,100.12,360
1714000051050000000,level,S,100.18,340
1714000051050000000,level,B,100.11,240
1714000051050000000,level,S,100.19,340
1714000051050000000,level,B,100.10,260
1714000051050000000,level,S,100.20,100
1714000051100000000,trade,S,100.14,80
1714000051150000000,clear,,,
1714000051150000000,level,B,100.13,260
1714000051150000000,level,S,100.15,320
1714000051150000000,level,B,100.12,290
1714000051150000000,level,S,100.16,120
1714000051150000000,level,B,100.11,380
1714000051150000000,level,S,100.17,80
1714000051150000000,level,B,100.10,240
1714000051150000000,level,S,100.18,30
1714000051150000000,level,B,100.09,160
1714000051150000000,level,S,100.19,370
1714000051200000000,clear,,,
1714000051200000000,level,B,100.12,190
1714000051200000000,level,S,100.14,300
1714000051200000000,level,B,100.11,210
1714000051200000000,level,S,100.15,40
1714000051200000000,level,B,100.10,160
1714000051200000000,level,S,100.16,160
1714000051200000000,level,B,100.09,290
1714000051200000000,level,S,100.17,170
1714000051200000000,level,B,100.08,310
1714000051200000000,level,S,100.18,290
1714000051250000000,trade,B,100.15,60
1714000051300000000,clear,,,
1714000051300000000,level,B,100.13,100
1714000051300000000,level,S,100.15,40
1714000051300000000,level,B,100.12,280
1714000051300000000,level,S,100.16,140
1714000051300000000,level,B,100.11,50
1714000051300000000,level,S,100.17,290
1714000051300000000,level,B,100.10,380
1714000051300000000,level,S,100.18,310
1714000051300000000,level,B,100.09,400
1714000051300000000,level,S,100.19,90
1714000051350000000,clear,,,
1714000051350000000,level,B,100.12,270
1714000051350000000,level,S,100.14,270
1714000051350000000,level,B,100.11,160
1714000051350000000,level,S,100.15,330
1714000051350000000,level,B,100.10,80
1714000051350000000,level,S,100.16,380
1714000051350000000,level,B,100.09,150
1714000051350000000,level,S,100.17,290
1714000051350000000,level,B,100.08,220
1714000051350000000,level,S,100.18,140
1714000051400000000,trade,S,100.11,30
1714000051450000000,trade,S,100.12,20
1714000051500000000,trade,B,100.15,100
1714000051550000000,clear,,,
1714000051550000000,level,B,100.13,30
1714000051550000000,level,S,100.15,290
1714000051550000000,level,B,100.12,80
1714000051550000000,level,S,100.16,210
1714000051550000000,level,B,100.11,360
1714000051550000000,level,S,100.17,140
1714000051550000000,level,B,100.10,110
1714000051550000000,level,S,100.18,200
1714000051550000000,level,B,100.09,350
1714000051550000000,level,S,100.19,400
1714000051600000000,clear,,,
1714000051600000000,level,B,100.14,170
1714000051600000000,level,S,100.16,380
1714000051600000000,level,B,100.13,180
1714000051600000000,level,S,100.17,290
1714000051600000000,level,B,100.12,100
1714000051600000000,level,S,100.18,190
1714000051600000000,level,B,100.11,170
1714000051600000000,level,S,100.19,290
1714000051600000000,level,B,100.10,140
1714000051600000000,level,S,100.20,390
1714000051650000000,clear,,,
1714000051650000000,level,B,100.13,290
1714000051650000000,level,S,100.15,90
1714000051650000000,level,B,100.12,140
1714000051650000000,level,S,100.16,220
1714000051650000000,level,B,100.11,120
1714000051650000000,level,S,100.17,260
1714000051650000000,level,B,100.10,200
1714000051650000000,level,S,100.18,260
1714000051650000000,level,B,100.09,310
1714000051650000000,level,S,100.19,260
1714000051700000000,clear,,,
1714000051700000000,level,B,100.14,40
1714000051700000000,level,S,100.16,280
1714000051700000000,level,B,100.13,170
1714000051700000000,level,S,100.17,120
1714000051700000000,level,B,100.12,340
1714000051700000000,level,S,100.18,220
1714000051700000000,level,B,100.11,140
1714000051700000000,level,S,100.19,250
1714000051700000000,level,B,100.10,180
1714000051700000000,level,S,100.20,90
1714000051750000000,clear,,,
1714000051750000000,level,B,100.15,300
1714000051750000000,level,S,100.17,330
1714000051750000000,level,B,100.14,340
1714000051750000000,level,S,100.18,390
1714000051750000000,level,B,100.13,140
1714000051750000000,level,S,100.19,90
1714000051750000000,level,B,100.12,120
1714000051750000000,level,S,100.20,220
1714000051750000000,level,B,100.11,350
1714000051750000000,level,S,100.21,170
1714000051800000000,clear,,,
1714000051800000000,level,B,100.16,120
1714000051800000000,level,S,100.18,50
1714000051800000000,level,B,100.15,170
1714000051800000000,level,S,100.19,60
1714000051800000000,level,B,100.14,140
1714000051800000000,level,S,100.20,70
1714000051800000000,level,B,100.13,190
1714000051800000000,level,S,100.21,360
1714000051800000000,level,B,100.12,320
1714000051800000000,level,S,100.22,210
1714000051850000000,trade,S,100.16,10
1714000051900000000,trade,B,100.19,100
1714000051950000000,clear,,,
1714000051950000000,level,B,100.15,380
1714000051950000000,level,S,100.17,280
1714000051950000000,level,B,100.14,130
1714000051950000000,level,S,100.18,160
1714000051950000000,level,B,100.13,320
1714000051950000000,level,S,100.19,350
1714000051950000000,level,B,100.12,220
1714000051950000000,level,S,100.20,300
1714000051950000000,level,B,100.11,30
1714000051950000000,level,S,100.21,200
1714000052000000000,clear,,,
1714000052000000000,level,B,100.14,260
1714000052000000000,level,S,100.16,230
1714000052000000000,level,B,100.13,360
1714000052000000000,level,S,100.17,200
1714000052000000000,level,B,100.12,70
1714000052000000000,level,S,100.18,130
1714000052000000000,level,B,100.11,390
1714000052000000000,level,S,100.19,210
1714000052000000000,level,B,100.10,190
1714000052000000000,level,S,100.20,180
1714000052050000000,clear,,,
1714000052050000000,level,B,100.13,150
1714000052050000000,level,S,100.15,30
1714000052050000000,level,B,100.12,60
1714000052050000000,level,S,100.16,400
1714000052050000000,level,B,100.11,250
1714000052050000000,level,S,100.17,230
1714000052050000000,level,B,100.10,370
1714000052050000000,level,S,100.18,120
1714000052050000000,level,B,100.09,280
1714000052050000000,level,S,100.19,220
1714000052100000000,trade,B,100.15,90
1714000052150000000,trade,B,100.15,90
1714000052200000000,clear,,,
1714000052200000000,level,B,100.12,240
1714000052200000000,level,S,100.14,330
1714000052200000000,level,B,100.11,330
1714000052200000000,level,S,100.15,310
1714000052200000000,level,B,100.10,90
1714000052200000000,level,S,100.16,360
1714000052200000000,level,B,100.09,270
1714000052200000000,level,S,100.17,380
1714000052200000000,level,B,100.08,300
1714000052200000000,level,S,100.18,110
1714000052250000000,clear,,,
1714000052250000000,level,B,100.11,20
1714000052250000000,level,S,100.13,210
1714000052250000000,level,B,100.10,100
1714000052250000000,level,S,100.14,20
1714000052250000000,level,B,100.09,390
1714000052250000000,level,S,100.15,40
1714000052250000000,level,B,100.08,120
1714000052250000000,level,S,100.16,90
1714000052250000000,level,B,100.07,200
1714000052250000000,level,S,100.17,190
1714000052300000000,trade,B,100.13,70
1714000052350000000,trade,S,100.11,30
1714000052400000000,trade,B,100.14,90
1714000052450000000,trade,B,100.13,20
1714000052500000000,trade,S,100.11,90
1714000052550000000,trade,B,100.13,30
1714000052600000000,trade,S,100.10,20
1714000052650000000,clear,,,
1714000052650000000,level,B,100.12,170
1714000052650000000,level,S,100.14,210
1714000052650000000,level,B,100.11,40
1714000052650000000,level,S,100.15,100
1714000052650000000,level,B,100.10,180
1714000052650000000,level,S,100.16,80
1714000052650000000,level,B,100.09,240
1714000052650000000,level,S,100.17,230
1714000052650000000,level,B,100.08,220
1714000052650000000,level,S,100.18,100
1714000052700000000,trade,S,100.12,60
1714000052750000000,trade,B,100.14,60
1714000052800000000,trade,S,100.12,90
1714000052850000000,trade,S,100.12,20
1714000052900000000,trade,S,100.12,70
1714000052950000000,clear,,,
1714000052950000000,level,B,100.13,360
1714000052950000000,level,S,100.15,350
1714000052950000000,level,B,100.12,120
1714000052950000000,level,S,100.16,270
1714000052950000000,level,B,100.11,360
1714000052950000000,level,S,100.17,350
1714000052950000000,level,B,100.10,60
1714000052950000000,level,S,100.18,90
1714000052950000000,level,B,100.09,160
1714000052950000000,level,S,100.19,70
1714000053000000000,trade,S,100.13,10
1714000053050000000,trade,B,100.16,30
1714000053100000000,trade,B,100.16,100
1714000053150000000,trade,S,100.12,40
1714000053200000000,trade,S,100.13,10
1714000053250000000,trade,B,100.15,100
1714000053300000000,trade,S,100.12,80
1714000053350000000,trade,B,100.16,70
1714000053400000000,trade,B,100.16,20
1714000053450000000,trade,B,100.15,50
1714000053500000000,trade,B,100.15,90
1714000053550000000,trade,S,100.13,80
1714000053600000000,trade,B,100.16,20
1714000053650000000,trade,B,100.15,40
1714000053700000000,trade,B,100.16,70
1714000053750000000,clear,,,
1714000053750000000,level,B,100.12,10
1714000053750000000,level,S,100.14,340
1714000053750000000,level,B,100.11,270
1714000053750000000,level,S,100.15,200
1714000053750000000,level,B,100.10,360
1714000053750000000,level,S,100.16,250
1714000053750000000,level,B,100.09,390
1714000053750000000,level,S,100.17,200
1714000053750000000,level,B,100.08,370
1714000053750000000,level,S,100.18,110
1714000053800000000,trade,S,100.12,20
1714000053850000000,trade,S,100.11,10
1714000053900000000,trade,S,100.12,60
1714000053950000000,trade,B,100.14,60
1714000054000000000,trade,B,100.14,60
1714000054050000000,trade,S,100.12,10
1714000054100000000,trade,B,100.14,60
1714000054150000000,trade,B,100.15,70
1714000054200000000,trade,S,100.11,90
1714000054250000000,clear,,,
1714000054250000000,level,B,100.13,50
1714000054250000000,level,S,100.15,370
1714000054250000000,level,B,100.12,360
1714000054250000000,level,S,100.16,250
1714000054250000000,level,B,100.11,370
1714000054250000000,level,S,100.17,170
1714000054250000000,level,B,100.10,20
1714000054250000000,level,S,100.18,230
1714000054250000000,level,B,100.09,270
1714000054250000000,level,S,100.19,20
1714000054300000000,trade,S,100.11,10
1714000054350000000,clear,,,
1714000054350000000,level,B,100.14,70
1714000054350000000,level,S,100.16,390
1714000054350000000,level,B,100.13,220
1714000054350000000,level,S,100.17,50
1714000054350000000,level,B,100.12,350
1714000054350000000,level,S,100.18,170
1714000054350000000,level,B,100.11,230
1714000054350000000,level,S,100.19,70
1714000054350000000,level,B,100.10,100
1714000054350000000,level,S,100.20,50
1714000054400000000,trade,S,100.14,30
1714000054450000000,trade,S,100.14,80
1714000054500000000,trade,S,100.14,40
1714000054550000000,clear,,,
1714000054550000000,level,B,100.13,350
1714000054550000000,level,S,100.15,350
1714000054550000000,level,B,100.12,370
1714000054550000000,level,S,100.16,40
1714000054550000000,level,B,100.11,100
1714000054550000000,level,S,100.17,290
1714000054550000000,level,B,100.10,220
1714000054550000000,level,S,100.18,120
1714000054550000000,level,B,100.09,270
1714000054550000000,level,S,100.19,270
1714000054600000000,trade,S,100.12,20
1714000054650000000,trade,B,100.16,100
1714000054700000000,trade,B,100.15,10
1714000054750000000,trade,S,100.12,50
1714000054800000000,clear,,,
1714000054800000000,level,B,100.12,290
1714000054800000000,level,S,100.14,140
1714000054800000000,level,B,100.11,50
1714000054800000000,level,S,100.15,150
1714000054800000000,level,B,100.10,70
1714000054800000000,level,S,100.16,150
1714000054800000000,level,B,100.09,150
1714000054800000000,level,S,100.17,70
1714000054800000000,level,B,100.08,290
1714000054800000000,level,S,100.18,380
1714000054850000000,trade,S,100.12,30
1714000054900000000,trade,S,100.12,80
1714000054950000000,clear,,,
1714000054950000000,level,B,100.11,70
1714000054950000000,level,S,100.13,290
1714000054950000000,level,B,100.10,360
1714000054950000000,level,S,100.14,320
1714000054950000000,level,B,100.09,70
1714000054950000000,level,S,100.15,50
1714000054950000000,level,B,100.08,160
1714000054950000000,level,S,100.16,240
1714000054950000000,level,B,100.07,90
1714000054950000000,level,S,100.17,60
1714000055000000000,trade,S,100.11,30
1714000055050000000,trade,S,100.11,50
1714000055100000000,trade,B,100.13,40
1714000055150000000,clear,,,
1714000055150000000,level,B,100.12,330
1714000055150000000,level,S,100.14,320
1714000055150000000,level,B,100.11,280
1714000055150000000,level,S,100.15,350
1714000055150000000,level,B,100.10,100
1714000055150000000,level,S,100.16,140
1714000055150000000,level,B,100.09,150
1714000055150000000,level,S,100.17,230
1714000055150000000,level,B,100.08,220
1714000055150000000,level,S,100.18,50
1714000055200000000,clear,,,
1714000055200000000,level,B,100.11,310
1714000055200000000,level,S,100.13,120
1714000055200000000,level,B,100.10,300
1714000055200000000,level,S,100.14,300
1714000055200000000,level,B,100.09,10
1714000055200000000,level,S,100.15,260
1714000055200000000,level,B,100.08,50
1714000055200000000,level,S,100.16,380
1714000055200000000,level,B,100.07,30
1714000055200000000,level,S,100.17,340
1714000055250000000,trade,B,100.13,30
1714000055300000000,clear,,,
1714000055300000000,level,B,100.12,270
1714000055300000000,level,S,100.14,210
1714000055300000000,level,B,100.11,140
1714000055300000000,level,S,100.15,230
1714000055300000000,level,B,100.10,400
1714000055300000000,level,S,100.16,130
1714000055300000000,level,B,100.09,350
1714000055300000000,level,S,100.17,170
1714000055300000000,level,B,100.08,130
1714000055300000000,level,S,100.18,10
1714000055350000000,trade,S,100.12,10
1714000055400000000,clear,,,
1714000055400000000,level,B,100.13,10
1714000055400000000,level,S,100.15,400
1714000055400000000,level,B,100.12,70
1714000055400000000,level,S,100.16,20
1714000055400000000,level,B,100.11,250
1714000055400000000,level,S,100.17,340
1714000055400000000,level,B,100.10,270
1714000055400000000,level,S,100.18,290
1714000055400000000,level,B,100.09,230
1714000055400000000,level,S,100.19,20
1714000055450000000,trade,S,100.11,80
1714000055500000000,trade,S,100.13,80
1714000055550000000,clear,,,
1714000055550000000,level,B,100.14,230
1714000055550000000,level,S,100.16,20
1714000055550000000,level,B,100.13,50
1714000055550000000,level,S,100.17,50
1714000055550000000,level,B,100.12,290
1714000055550000000,level,S,100.18,10
1714000055550000000,level,B,100.11,340
1714000055550000000,level,S,100.19,270
1714000055550000000,level,B,100.10,80
1714000055550000000,level,S,100.20,310
1714000055600000000,trade,B,100.16,10
1714000055650000000,trade,B,100.16,60
1714000055700000000,trade,S,100.14,100
1714000055750000000,trade,B,100.17,40
1714000055800000000,clear,,,
1714000055800000000,level,B,100.15,260
1714000055800000000,level,S,100.17,40
1714000055800000000,level,B,100.14,230
1714000055800000000,level,S,100.18,280
1714000055800000000,level,B,100.13,90
1714000055800000000,level,S,100.19,330
1714000055800000000,level,B,100.12,320
1714000055800000000,level,S,100.20,130
1714000055800000000,level,B,100.11,200
1714000055800000000,level,S,100.21,340
1714000055850000000,clear,,,
1714000055850000000,level,B,100.14,220
1714000055850000000,level,S,100.16,270
1714000055850000000,level,B,100.13,140
1714000055850000000,level,S,100.17,290
1714000055850000000,level,B,100.12,150
1714000055850000000,level,S,100.18,200
1714000055850000000,level,B,100.11,30
1714000055850000000,level,S,100.19,220
1714000055850000000,level,B,100.10,250
1714000055850000000,level,S,100.20,370
1714000055900000000,clear,,,
1714000055900000000,level,B,100.15,50
1714000055900000000,level,S,100.17,60
1714000055900000000,level,B,100.14,70
1714000055900000000,level,S,100.18,70
1714000055900000000,level,B,100.13,200
1714000055900000000,level,S,100.19,350
1714000055900000000,level,B,100.12,80
1714000055900000000,level,S,100.20,320
1714000055900000000,level,B,100.11,40
1714000055900000000,level,S,100.21,60
1714000055950000000,trade,B,100.18,100
1714000056000000000,trade,S,100.15,30
1714000056050000000,trade,S,100.15,30
1714000056100000000,trade,S,100.14,90
1714000056150000000,clear,,,
1714000056150000000,level,B,100.16,370
1714000056150000000,level,S,100.18,380
1714000056150000000,level,B,100.15,380
1714000056150000000,level,S,100.19,360
1714000056150000000,level,B,100.14,240
1714000056150000000,level,S,100.20,10
1714000056150000000,level,B,100.13,350
1714000056150000000,level,S,100.21,90
1714000056150000000,level,B,100.12,50
1714000056150000000,level,S,100.22,80
1714000056200000000,trade,B,100.18,30
1714000056250000000,clear,,,
1714000056250000000,level,B,100.17,240
1714000056250000000,level,S,100.19,250
1714000056250000000,level,B,100.16,140
1714000056250000000,level,S,100.20,310
1714000056250000000,level,B,100.15,10
1714000056250000000,level,S,100.21,170
1714000056250000000,level,B,100.14,160
1714000056250000000,level,S,100.22,210
1714000056250000000,level,B,100.13,90
1714000056250000000,level,S,100.23,270
1714000056300000000,clear,,,
1714000056300000000,level,B,100.18,210
1714000056300000000,level,S,100.20,100
1714000056300000000,level,B,100.17,20
1714000056300000000,level,S,100.21,330
1714000056300000000,level,B,100.16,200
1714000056300000000,level,S,100.22,390
1714000056300000000,level,B,100.15,320
1714000056300000000,level,S,100.23,10
1714000056300000000,level,B,100.14,150
1714000056300000000,level,S,100.24,60
1714000056350000000,trade,S,100.18,80
1714000056400000000,trade,B,100.20,20
1714000056450000000,clear,,,
1714000056450000000,level,B,100.17,400
1714000056450000000,level,S,100.19,350
1714000056450000000,level,B,100.16,130
1714000056450000000,level,S,100.20,390
1714000056450000000,level,B,100.15,400
1714000056450000000,level,S,100.21,250
1714000056450000000,level,B,100.14,340
1714000056450000000,level,S,100.22,50
1714000056450000000,level,B,100.13,20
1714000056450000000,level,S,100.23,130
1714000056500000000,trade,S,100.16,30
1714000056550000000,trade,B,100.20,70
1714000056600000000,clear,,,
1714000056600000000,level,B,100.16,170
1714000056600000000,level,S,100.18,260
1714000056600000000,level,B,100.15,370
1714000056600000000,level,S,100.19,80
1714000056600000000,level,B,100.14,270
1714000056600000000,level,S,100.20,150
1714000056600000000,level,B,100.13,170
1714000056600000000,level,S,100.21,250
1714000056600000000,level,B,100.12,270
1714000056600000000,level,S,100.22,70
1714000056650000000,trade,B,100.19,30
1714000056700000000,trade,B,100.18,40
1714000056750000000,trade,B,100.19,70
1714000056800000000,clear,,,
1714000056800000000,level,B,100.17,210
1714000056800000000,level,S,100.19,60
1714000056800000000,level,B,100.16,150
1714000056800000000,level,S,100.20,50
1714000056800000000,level,B,100.15,380
1714000056800000000,level,S,100.21,340
1714000056800000000,level,B,100.14,20
1714000056800000000,level,S,100.22,20
1714000056800000000,level,B,100.13,70
1714000056800000000,level,S,100.23,370
1714000056850000000,trade,B,100.20,100
1714000056900000000,trade,S,100.17,100
1714000056950000000,trade,B,100.19,10
1714000057000000000,trade,B,100.20,80
1714000057050000000,trade,S,100.17,20
1714000057100000000,trade,S,100.17,50
1714000057150000000,trade,S,100.17,80
1714000057200000000,trade,B,100.19,10
1714000057250000000,trade,B,100.19,20
1714000057300000000,trade,B,100.20,80
1714000057350000000,trade,S,100.17,70
1714000057400000000,trade,S,100.16,60
1714000057450000000,clear,,,
1714000057450000000,level,B,100.18,210
1714000057450000000,level,S,100.20,210
1714000057450000000,level,B,100.17,270
1714000057450000000,level,S,100.21,320
1714000057450000000,level,B,100.16,390
1714000057450000000,level,S,100.22,10
1714000057450000000,level,B,100.15,100
1714000057450000000,level,S,100.23,90
1714000057450000000,level,B,100.14,140
1714000057450000000,level,S,100.24,240
1714000057500000000,clear,,,
1714000057500000000,level,B,100.19,250
1714000057500000000,level,S,100.21,90
1714000057500000000,level,B,100.18,370
1714000057500000000,level,S,100.22,290
1714000057500000000,level,B,100.17,380
1714000057500000000,level,S,100.23,370
1714000057500000000,level,B,100.16,340
1714000057500000000,level,S,100.24,30
1714000057500000000,level,B,100.15,380
1714000057500000000,level,S,100.25,390
1714000057550000000,trade,B,100.22,30
1714000057600000000,trade,B,100.21,70
1714000057650000000,trade,S,100.19,40
1714000057700000000,clear,,,
1714000057700000000,level,B,100.18,150
1714000057700000000,level,S,100.20,320
1714000057700000000,level,B,100.17,180
1714000057700000000,level,S,100.21,120
1714000057700000000,level,B,100.16,320
1714000057700000000,level,S,100.22,360
1714000057700000000,level,B,100.15,80
1714000057700000000,level,S,100.23,140
1714000057700000000,level,B,100.14,310
1714000057700000000,level,S,100.24,50
1714000057750000000,trade,S,100.18,20
1714000057800000000,trade,B,100.20,80
1714000057850000000,trade,B,100.20,30
1714000057900000000,trade,B,100.20,30
1714000057950000000,clear,,,
1714000057950000000,level,B,100.19,300
1714000057950000000,level,S,100.21,10
1714000057950000000,level,B,100.18,70
1714000057950000000,level,S,100.22,260
1714000057950000000,level,B,100.17,170
1714000057950000000,level,S,100.23,160
1714000057950000000,level,B,100.16,330
1714000057950000000,level,S,100.24,400
1714000057950000000,level,B,100.15,190
1714000057950000000,level,S,100.25,70
1714000058000000000,trade,B,100.21,40
1714000058050000000,trade,S,100.17,40
1714000058100000000,trade,S,100.19,10
1714000058150000000,trade,S,100.18,80
1714000058200000000,clear,,,
1714000058200000000,level,B,100.18,90
1714000058200000000,level,S,100.20,160
1714000058200000000,level,B,100.17,330
1714000058200000000,level,S,100.21,140
1714000058200000000,level,B,100.16,290
1714000058200000000,level,S,100.22,110
1714000058200000000,level,B,100.15,70
1714000058200000000,level,S,100.23,210
1714000058200000000,level,B,100.14,300
1714000058200000000,level,S,100.24,210
1714000058250000000,trade,B,100.21,70
1714000058300000000,clear,,,
1714000058300000000,level,B,100.19,70
1714000058300000000,level,S,100.21,50
1714000058300000000,level,B,100.18,60
1714000058300000000,level,S,100.22,280
1714000058300000000,level,B,100.17,110
1714000058300000000,level,S,100.23,150
1714000058300000000,level,B,100.16,70
1714000058300000000,level,S,100.24,150
1714000058300000000,level,B,100.15,160
1714000058300000000,level,S,100.25,40
1714000058350000000,trade,B,100.21,90
1714000058400000000,trade,B,100.21,90
1714000058450000000,clear,,,
1714000058450000000,level,B,100.20,210
1714000058450000000,level,S,100.22,60
1714000058450000000,level,B,100.19,210
1714000058450000000,level,S,100.23,60
1714000058450000000,level,B,100.18,80
1714000058450000000,level,S,100.24,260
1714000058450000000,level,B,100.17,70
1714000058450000000,level,S,100.25,220
1714000058450000000,level,B,100.16,40
1714000058450000000,level,S,100.26,160
1714000058500000000,clear,,,
1714000058500000000,level,B,100.19,220
1714000058500000000,level,S,100.21,230
1714000058500000000,level,B,100.18,80
1714000058500000000,level,S,100.22,310
1714000058500000000,level,B,100.17,160
1714000058500000000,level,S,100.23,390
1714000058500000000,level,B,100.16,320
1714000058500000000,level,S,100.24,80
1714000058500000000,level,B,100.15,140
1714000058500000000,level,S,100.25,140
1714000058550000000,trade,B,100.21,10
1714000058600000000,trade,B,100.21,50
1714000058650000000,clear,,,
1714000058650000000,level,B,100.18,70
1714000058650000000,level,S,100.20,220
1714000058650000000,level,B,100.17,160
1714000058650000000,level,S,100.21,360
1714000058650000000,level,B,100.16,390
1714000058650000000,level,S,100.22,10
1714000058650000000,level,B,100.15,120
1714000058650000000,level,S,100.23,390
1714000058650000000,level,B,100.14,130
1714000058650000000,level,S,100.24,400
1714000058700000000,trade,B,100.21,10
1714000058750000000,clear,,,
1714000058750000000,level,B,100.17,190
1714000058750000000,level,S,100.19,170
1714000058750000000,level,B,100.16,250
1714000058750000000,level,S,100.20,350
1714000058750000000,level,B,100.15,260
1714000058750000000,level,S,100.21,230
1714000058750000000,level,B,100.14,310
1714000058750000000,level,S,100.22,30
1714000058750000000,level,B,100.13,380
1714000058750000000,level,S,100.23,160
1714000058800000000,clear,,,
1714000058800000000,level,B,100.18,40
1714000058800000000,level,S,100.20,240
1714000058800000000,level,B,100.17,280
1714000058800000000,level,S,100.21,300
1714000058800000000,level,B,100.16,370
1714000058800000000,level,S,100.22,250
1714000058800000000,level,B,100.15,390
1714000058800000000,level,S,100.23,280
1714000058800000000,level,B,100.14,120
1714000058800000000,level,S,100.24,40
1714000058850000000,trade,S,100.17,30
1714000058900000000,clear,,,
1714000058900000000,level,B,100.19,210
1714000058900000000,level,S,100.21,350
1714000058900000000,level,B,100.18,390
1714000058900000000,level,S,100.22,320
1714000058900000000,level,B,100.17,300
1714000058900000000,level,S,100.23,60
1714000058900000000,level,B,100.16,190
1714000058900000000,level,S,100.24,80
1714000058900000000,level,B,100.15,170
1714000058900000000,level,S,100.25,90
1714000058950000000,trade,B,100.21,40
1714000059000000000,trade,S,100.18,60
1714000059050000000,clear,,,
1714000059050000000,level,B,100.18,380
1714000059050000000,level,S,100.20,400
1714000059050000000,level,B,100.17,20
1714000059050000000,level,S,100.21,20
1714000059050000000,level,B,100.16,200
1714000059050000000,level,S,100.22,220
1714000059050000000,level,B,100.15,400
1714000059050000000,level,S,100.23,290
1714000059050000000,level,B,100.14,170
1714000059050000000,level,S,100.24,200
1714000059100000000,clear,,,
1714000059100000000,level,B,100.19,150
1714000059100000000,level,S,100.21,60
1714000059100000000,level,B,100.18,300
1714000059100000000,level,S,100.22,380
1714000059100000000,level,B,100.17,70
1714000059100000000,level,S,100.23,80
1714000059100000000,level,B,100.16,140
1714000059100000000,level,S,100.24,340
1714000059100000000,level,B,100.15,170
1714000059100000000,level,S,100.25,30
1714000059150000000,trade,S,100.19,70
1714000059200000000,trade,S,100.19,80
1714000059250000000,trade,S,100.19,100
1714000059300000000,clear,,,
1714000059300000000,level,B,100.20,230
1714000059300000000,level,S,100.22,160
1714000059300000000,level,B,100.19,110
1714000059300000000,level,S,100.23,60
1714000059300000000,level,B,100.18,260
1714000059300000000,level,S,100.24,20
1714000059300000000,level,B,100.17,240
1714000059300000000,level,S,100.25,250
1714000059300000000,level,B,100.16,390
1714000059300000000,level,S,100.26,70
1714000059350000000,trade,B,100.23,10
1714000059400000000,trade,B,100.22,20
1714000059450000000,trade,B,100.23,20
1714000059500000000,clear,,,
1714000059500000000,level,B,100.21,220
1714000059500000000,level,S,100.23,100
1714000059500000000,level,B,100.20,120
1714000059500000000,level,S,100.24,380
1714000059500000000,level,B,100.19,230
1714000059500000000,level,S,100.25,10
1714000059500000000,level,B,100.18,80
1714000059500000000,level,S,100.26,50
1714000059500000000,level,B,100.17,360
1714000059500000000,level,S,100.27,400
1714000059550000000,trade,B,100.23,60
1714000059600000000,trade,S,100.21,40
1714000059650000000,trade,B,100.24,90
1714000059700000000,trade,S,100.21,30
1714000059750000000,trade,B,100.23,50
1714000059800000000,trade,S,100.21,50
1714000059850000000,trade,B,100.24,60
1714000059900000000,trade,B,100.23,10
1714000059950000000,clear,,,
1714000059950000000,level,B,100.22,70
1714000059950000000,level,S,100.24,60
1714000059950000000,level,B,100.21,70
1714000059950000000,level,S,100.25,320
1714000059950000000,level,B,100.20,100
1714000059950000000,level,S,100.26,210
1714000059950000000,level,B,100.19,40
1714000059950000000,level,S,100.27,400
1714000059950000000,level,B,100.18,280
1714000059950000000,level,S,100.28,310
1714000060000000000,trade,B,100.24,80
